minprice,maxprice,modalprice,pricedate
7200,8500,7500,16-Feb-23
7200,9000,8500,31-Jan-23
8000,9800,9500,24-Jan-23
8200,9550,8600,27-Dec-22
8700,9300,9050,12-Dec-22
8800,9800,9200,06-Dec-22
8900,9600,9200,03-Dec-22
9050,9800,9300,01-Dec-22
8500,9800,9200,28-Nov-22
8100,9500,9000,25-Nov-22
8200,9700,9200,22-Nov-22
8200,9550,9200,18-Nov-22
7800,9500,9200,15-Nov-22
8200,9250,8700,10-Nov-22
8150,9000,8700,08-Nov-22
8300,8800,8600,07-Nov-22
8100,8800,8200,05-Nov-22
8100,9000,8200,03-Nov-22
7900,9050,8200,02-Nov-22
7900,8700,8285,31-Oct-22
8200,9000,8500,27-Oct-22
8100,9000,8700,25-Oct-22
7750,9000,8775,19-Oct-22
8300,9200,8600,18-Oct-22
8300,9500,9000,13-Oct-22
8500,9300,9000,30-Sep-22
8100,10300,9200,31-May-22
8300,10400,9500,16-May-22
8100,10500,9800,06-May-22
7000,7000,7000,31-Jan-24
7757,7757,7757,17-Oct-23
8650,8650,8650,16-Nov-22
8000,8200,8119,04-Feb-23
8409,8453,8438,04-Feb-23
8600,8700,8650,06-Dec-22
8399,8709,8496,06-Dec-22
8959,9059,9033,03-Dec-22
8459,8869,8774,03-Dec-22
8920,9399,9167,08-Nov-22
5809,9001,8837,08-Nov-22
5229,6129,5871,17-Oct-23
1691,6759,5837,10-Oct-23
5810,6756,6462,06-Oct-23
2600,7260,6739,03-Oct-23
6361,7331,7198,26-Sep-23
6590,7460,7240,22-Sep-23
7100,7500,7354,19-Sep-23
6819,7439,7229,12-Sep-23
6899,7389,7190,08-Sep-23
6729,7436,7258,01-Sep-23
6611,7411,7170,29-Aug-23
6891,7426,7283,25-Aug-23
6829,7511,7358,22-Aug-23
4660,8400,7205,04-Nov-22
1100,8090,6570,01-Nov-22
1009,8250,6546,28-Oct-22
4019,9009,7415,21-Oct-22
4141,9019,7529,18-Oct-22
2107,9109,7874,14-Oct-22
6669,9009,8165,30-Sep-22
3429,8889,8289,27-Sep-22
5560,8789,8093,23-Sep-22
6009,9300,8099,20-Sep-22
7889,10419,9570,16-Sep-22
1100,10301,8509,13-Sep-22
1000,9779,8646,06-Sep-22
5500,10300,9278,02-Sep-22
7000,70007,7000,22-Nov-23
6006,7860,7637,23-Apr-24
2506,7805,7553,22-Apr-24
3056,7753,7543,20-Apr-24
3036,7753,7560,19-Apr-24
6445,7780,7516,18-Apr-24
6065,7839,7603,17-Apr-24
6515,7929,7696,16-Apr-24
6009,7923,7705,15-Apr-24
6505,7882,7725,13-Apr-24
7566,7969,7664,08-Apr-24
2096,8060,7768,06-Apr-24
3006,8089,7795,05-Apr-24
1006,8159,7840,04-Apr-24
1006,8170,7825,03-Apr-24
2006,8130,7766,02-Apr-24
1006,8069,7626,01-Apr-24
2006,8034,7689,29-Mar-24
2006,8049,7670,28-Mar-24
1106,8079,7673,27-Mar-24
2205,8063,7699,26-Mar-24
3006,8069,7692,23-Mar-24
3006,8090,7741,22-Mar-24
3006,8103,7724,21-Mar-24
2006,8173,7761,20-Mar-24
3066,8230,7872,19-Mar-24
6670,8309,7962,18-Mar-24
6376,8949,8062,16-Mar-24
6506,8390,8116,15-Mar-24
2506,8452,8146,14-Mar-24
2506,8344,8078,13-Mar-24
5005,8289,8066,12-Mar-24
6016,8209,7972,11-Mar-24
6865,8109,7867,09-Mar-24
6661,8227,7814,07-Mar-24
1106,8000,7730,06-Mar-24
3006,7923,7637,05-Mar-24
3036,7909,7569,04-Mar-24
5906,7883,7564,02-Mar-24
2965,7959,7650,01-Mar-24
6006,7920,7649,29-Feb-24
1116,7939,7651,28-Feb-24
1106,7809,7535,27-Feb-24
6335,7759,7488,26-Feb-24
6565,7803,7504,24-Feb-24
3506,7737,7388,23-Feb-24
3006,7723,7320,22-Feb-24
3006,7709,7293,21-Feb-24
6005,7690,7317,20-Feb-24
6070,7633,7329,19-Feb-24
6305,7540,7264,17-Feb-24
3017,7470,7152,16-Feb-24
3007,7349,7076,15-Feb-24
5005,7260,6989,14-Feb-24
3017,7266,6916,13-Feb-24
3065,7230,6931,12-Feb-24
2006,7190,6836,10-Feb-24
5806,7140,6821,09-Feb-24
4017,7133,6781,08-Feb-24
2007,7112,6739,07-Feb-24
5186,7102,6727,06-Feb-24
3006,7079,6723,05-Feb-24
2017,7069,6632,03-Feb-24
2530,7059,6662,02-Feb-24
4530,7049,6650,01-Feb-24
4617,7112,6698,31-Jan-24
3567,7090,6697,30-Jan-24
1062,7170,6748,29-Jan-24
2562,7160,6719,27-Jan-24
5662,7151,6746,26-Jan-24
2568,7170,6800,24-Jan-24
2015,7189,6794,23-Jan-24
2006,7179,6846,17-Jan-24
2006,7229,6841,16-Jan-24
3015,7219,6824,12-Jan-24
2015,7210,6798,10-Jan-24
4005,7170,6816,09-Jan-24
4005,7240,6853,08-Jan-24
3006,7269,6853,06-Jan-24
2006,7259,6828,05-Jan-24
3115,7330,6795,04-Jan-24
2562,7261,6821,03-Jan-24
4006,7279,6835,01-Jan-24
5005,7305,6839,30-Dec-23
2000,7230,6842,29-Dec-23
3004,7579,6758,28-Dec-23
2000,7220,6724,27-Dec-23
2090,7989,6674,26-Dec-23
504,8161,6411,22-Dec-23
2225,7023,6434,21-Dec-23
2003,7259,6529,20-Dec-23
2006,7160,6488,19-Dec-23
2006,7173,6579,18-Dec-23
1004,7230,6600,16-Dec-23
3002,7309,6735,15-Dec-23
1062,7239,6642,13-Dec-23
3006,7243,6682,12-Dec-23
3116,7239,6748,11-Dec-23
102,9294,6632,08-Dec-23
106,8481,6549,07-Dec-23
2515,7139,6482,06-Dec-23
2015,7129,6466,05-Dec-23
2512,7156,6550,04-Dec-23
2006,7159,6641,02-Dec-23
2004,7203,6636,01-Dec-23
2000,7229,6783,29-Nov-23
2006,7289,6793,28-Nov-23
2567,7309,6893,27-Nov-23
4006,7371,6905,24-Nov-23
2566,7350,6936,23-Nov-23
4005,7460,7031,22-Nov-23
2566,7539,7142,21-Nov-23
3666,7530,7256,20-Nov-23
3086,7569,7348,18-Nov-23
3566,7613,7362,17-Nov-23
6006,7639,7412,16-Nov-23
4006,7649,7373,15-Nov-23
6096,7666,7370,09-Nov-23
2506,7659,7396,08-Nov-23
3060,7666,7467,07-Nov-23
5005,7722,7488,06-Nov-23
6885,7759,7620,04-Nov-23
5086,7781,7623,03-Nov-23
4446,7803,7619,02-Nov-23
6545,7883,7722,31-Oct-23
5005,7889,7723,30-Oct-23
5805,7666,7529,27-Oct-23
6015,7579,7468,26-Oct-23
2066,7509,7357,25-Oct-23
3066,7409,7232,20-Oct-23
2006,8292,7128,19-Oct-23
5005,8189,7194,18-Oct-23
2066,7419,7156,17-Oct-23
4065,7379,7111,16-Oct-23
3006,7929,7035,13-Oct-23
4605,7383,7022,12-Oct-23
4006,8153,7058,11-Oct-23
4045,7483,7077,10-Oct-23
3836,7493,7069,09-Oct-23
2006,7469,6962,07-Oct-23
3005,7489,7038,06-Oct-23
4045,7866,7101,05-Oct-23
3006,7569,7155,04-Oct-23
3785,7543,7118,03-Oct-23
2066,7630,7251,30-Sep-23
4035,7623,7207,29-Sep-23
3115,7629,7282,27-Sep-23
4506,7639,7331,26-Sep-23
3886,7632,7358,25-Sep-23
1008,7733,7400,22-Sep-23
4045,7793,7491,21-Sep-23
6386,7779,7545,20-Sep-23
6808,7833,7592,19-Sep-23
5096,7841,7578,16-Sep-23
6906,7824,7680,15-Sep-23
4005,7823,7625,14-Sep-23
6685,7843,7629,13-Sep-23
4086,7826,7659,12-Sep-23
6836,7669,7636,11-Sep-23
6005,7833,7569,08-Sep-23
5056,7863,7655,06-Sep-23
6466,7790,7521,05-Sep-23
3036,7869,7639,04-Sep-23
2336,7893,7534,02-Sep-23
5896,7781,7527,31-Aug-23
6005,7761,7535,30-Aug-23
4066,7809,7593,29-Aug-23
6586,7883,7592,28-Aug-23
5005,7849,7562,25-Aug-23
5005,8013,7733,24-Aug-23
3026,8033,7713,23-Aug-23
6565,8007,7817,22-Aug-23
5056,8039,7706,21-Aug-23
1586,8101,7837,19-Aug-23
5966,8071,7852,18-Aug-23
3306,8040,7791,17-Aug-23
3007,7970,7658,14-Aug-23
4026,7879,7546,11-Aug-23
4566,7851,7635,10-Aug-23
4516,7829,7456,09-Aug-23
4045,7829,7344,08-Aug-23
4005,7801,7245,07-Aug-23
2105,7757,7003,05-Aug-23
3006,7701,7451,04-Aug-23
1504,7681,7404,03-Aug-23
4807,7640,7233,02-Aug-23
3004,7661,7236,01-Aug-23
57,7619,7284,31-Jul-23
100,7570,6926,28-Jul-23
200,7623,6974,27-Jul-23
501,7549,7168,26-Jul-23
5105,7423,7015,25-Jul-23
5004,7361,7038,24-Jul-23
6280,7303,7038,21-Jul-23
6064,7269,7087,20-Jul-23
6384,7231,6819,18-Jul-23
5885,7210,6910,17-Jul-23
100,7199,6774,15-Jul-23
5000,7199,7000,14-Jul-23
6064,7219,6945,13-Jul-23
6015,7199,6845,12-Jul-23
6190,7141,6958,11-Jul-23
5567,7177,6957,10-Jul-23
2204,7213,6988,07-Jul-23
2534,7280,6982,06-Jul-23
2017,7310,7065,05-Jul-23
106,7336,7046,04-Jul-23
2134,7240,6908,01-Jul-23
6085,7189,6936,30-Jun-23
6015,7131,6818,28-Jun-23
4006,7159,6745,27-Jun-23
5266,7331,6848,26-Jun-23
1004,7449,6981,23-Jun-23
5815,7520,7172,21-Jun-23
4264,7515,7219,20-Jun-23
3006,7469,7148,19-Jun-23
5964,7400,6969,17-Jun-23
2515,7448,6697,16-Jun-23
4064,7569,7020,15-Jun-23
1026,7710,7219,13-Jun-23
3024,7760,7308,12-Jun-23
2564,7840,7411,09-Jun-23
2264,7821,7358,08-Jun-23
5505,7899,7375,07-Jun-23
5475,7951,7488,06-Jun-23
3084,7919,7412,05-Jun-23
6214,7789,7436,03-Jun-23
6067,7729,7204,02-Jun-23
5887,7689,7138,01-Jun-23
4015,7645,7195,31-May-23
1114,7589,7225,30-May-23
1014,7569,7129,29-May-23
1114,7340,6977,26-May-23
1067,7419,6979,25-May-23
4564,7562,7038,24-May-23
5665,7587,7168,23-May-23
3034,7720,7355,22-May-23
6015,7859,7387,20-May-23
3584,7869,7394,19-May-23
5824,7880,7396,18-May-23
3334,7909,7399,17-May-23
5575,7910,7436,16-May-23
4005,7909,7346,15-May-23
6307,7980,7377,12-May-23
2507,8493,7391,11-May-23
2694,8013,7548,09-May-23
3294,8096,7455,08-May-23
3165,8090,7536,06-May-23
2507,8070,7427,05-May-23
5134,8069,7435,04-May-23
4017,8300,7424,03-May-23
1014,8784,7526,02-May-23
5064,8439,7337,29-Apr-23
203,8049,7370,28-Apr-23
5003,8040,7438,27-Apr-23
203,8070,7369,26-Apr-23
4524,8109,7419,25-Apr-23
4014,8079,7403,24-Apr-23
3517,8067,7327,21-Apr-23
3000,8110,7320,20-Apr-23
1005,8260,7506,19-Apr-23
501,8230,7459,18-Apr-23
2571,8261,7545,17-Apr-23
2000,8413,7542,15-Apr-23
6037,8639,7731,13-Apr-23
4065,8360,7726,12-Apr-23
5015,8380,7788,11-Apr-23
3089,8401,7732,10-Apr-23
1207,8221,7687,06-Apr-23
3589,8201,7481,05-Apr-23
5207,8129,7484,03-Apr-23
4005,8060,7440,01-Apr-23
5007,8019,7437,31-Mar-23
3507,7999,7435,30-Mar-23
5437,7951,7399,29-Mar-23
4517,7920,7317,28-Mar-23
1507,7889,7410,27-Mar-23
1500,7990,7454,24-Mar-23
3560,8010,7488,23-Mar-23
6559,7940,7532,21-Mar-23
5467,7929,7449,20-Mar-23
3089,7897,7505,18-Mar-23
3007,7891,7307,17-Mar-23
4045,7869,7270,16-Mar-23
2017,8993,7318,15-Mar-23
3009,9259,7319,14-Mar-23
1000,8555,7333,13-Mar-23
3560,8031,7626,10-Mar-23
4539,8061,7666,09-Mar-23
5089,8051,7521,07-Mar-23
2039,8055,7567,06-Mar-23
5115,8051,7615,04-Mar-23
1119,8051,7622,03-Mar-23
1009,8562,7518,02-Mar-23
1119,8060,7547,01-Mar-23
1003,8101,7572,28-Feb-23
2029,8201,7676,27-Feb-23
3339,8565,7795,24-Feb-23
809,8261,7785,23-Feb-23
2539,8289,7807,22-Feb-23
2010,8301,7777,21-Feb-23
4009,8311,7815,20-Feb-23
4065,8401,8002,17-Feb-23
3305,8681,7998,15-Feb-23
1019,8353,7904,14-Feb-23
1005,8189,7775,13-Feb-23
2000,8189,7697,10-Feb-23
2050,8169,7716,09-Feb-23
1119,8181,7613,08-Feb-23
2029,8189,7572,07-Feb-23
1009,9519,7560,06-Feb-23
509,8220,7599,04-Feb-23
3000,8311,7704,03-Feb-23
505,8309,7754,02-Feb-23
1105,8665,7756,01-Feb-23
1207,8283,7740,31-Jan-23
2000,8261,7643,30-Jan-23
506,8190,7588,27-Jan-23
1065,8969,7714,25-Jan-23
2005,8959,7868,24-Jan-23
3015,8511,8045,23-Jan-23
6005,8609,8162,21-Jan-23
2520,8696,8239,20-Jan-23
5015,9297,8253,19-Jan-23
4840,8694,8223,18-Jan-23
2809,8610,8086,17-Jan-23
3089,8519,8058,16-Jan-23
2580,8619,8069,12-Jan-23
2527,9099,8182,11-Jan-23
3015,9301,8364,10-Jan-23
2229,9111,8525,09-Jan-23
2565,8931,8488,07-Jan-23
4049,8911,8433,06-Jan-23
3339,9001,8441,05-Jan-23
4017,9001,8406,04-Jan-23
5552,8807,8337,02-Jan-23
1009,8689,8081,31-Dec-22
3015,8289,7894,30-Dec-22
2015,8736,7642,29-Dec-22
2015,8085,7520,28-Dec-22
2005,8039,7559,26-Dec-22
509,9429,8242,22-Dec-22
2119,8585,8215,21-Dec-22
2005,8609,8175,20-Dec-22
3339,8849,8515,17-Dec-22
4047,8993,8614,16-Dec-22
2222,8995,8648,14-Dec-22
3005,8907,8654,13-Dec-22
2029,8889,8567,12-Dec-22
1019,8919,8551,09-Dec-22
3015,8939,8570,08-Dec-22
1005,8929,8578,07-Dec-22
2005,9626,8578,06-Dec-22
1009,9662,8655,05-Dec-22
2582,9233,8834,03-Dec-22
3009,9361,9023,02-Dec-22
3009,9389,9042,01-Dec-22
3335,9795,9087,29-Nov-22
4095,9459,9135,28-Nov-22
1119,9979,9161,25-Nov-22
1209,9777,8969,24-Nov-22
2035,9096,8773,23-Nov-22
1015,9339,8618,22-Nov-22
2006,9335,8790,21-Nov-22
2009,9494,9026,19-Nov-22
1500,9679,9380,17-Nov-22
3119,9815,9425,16-Nov-22
2019,9932,9413,15-Nov-22
2507,9789,9492,14-Nov-22
5800,9888,9060,10-Nov-22
3069,9559,9212,08-Nov-22
2019,9930,9198,07-Nov-22
1119,9269,8921,05-Nov-22
1105,9385,8709,04-Nov-22
5001,9393,8702,03-Nov-22
3001,9412,8458,02-Nov-22
1503,8711,8103,31-Oct-22
7508,8566,7747,29-Oct-22
3009,8556,7619,27-Oct-22
2065,9111,7839,21-Oct-22
3009,9559,8272,20-Oct-22
2562,9529,8134,19-Oct-22
3562,9159,8248,18-Oct-22
3035,9364,8370,17-Oct-22
3015,9329,8824,15-Oct-22
3001,9916,9082,14-Oct-22
4015,9721,9316,13-Oct-22
2050,9715,9373,12-Oct-22
2000,9679,9370,11-Oct-22
6005,9889,9261,10-Oct-22
4115,9141,8858,07-Oct-22
7206,9121,8785,06-Oct-22
4019,9100,8563,03-Oct-22
5092,9021,8707,01-Oct-22
6982,9029,8759,30-Sep-22
7005,9771,8661,29-Sep-22
2100,9019,8715,28-Sep-22
1001,8989,8559,27-Sep-22
6045,8905,8492,23-Sep-22
5015,9139,8488,21-Sep-22
5015,9629,8901,20-Sep-22
7775,9615,9119,19-Sep-22
8365,9509,9207,17-Sep-22
7045,9545,8874,16-Sep-22
7092,10165,8909,15-Sep-22
7015,9579,9054,14-Sep-22
7045,10009,9657,13-Sep-22
5015,9715,9224,12-Sep-22
8065,9959,9535,08-Sep-22
8659,9959,9518,07-Sep-22
8115,9789,9572,06-Sep-22
5015,10109,9506,05-Sep-22
7722,10006,9439,03-Sep-22
5002,10109,9282,02-Sep-22
8295,10266,9670,01-Sep-22
7065,10059,9614,30-Aug-22
2005,9909,9230,29-Aug-22
7055,10866,10041,26-Aug-22
7665,10809,10166,25-Aug-22
8515,12100,10622,24-Aug-22
8509,12019,10738,23-Aug-22
6009,12056,11002,22-Aug-22
6045,12025,11286,20-Aug-22
1005,12000,10941,19-Aug-22
6199,11709,10877,18-Aug-22
7009,12190,11167,17-Aug-22
7075,11521,10267,16-Aug-22
8229,11111,9810,12-Aug-22
8359,11249,10028,11-Aug-22
8482,10429,9772,10-Aug-22
8099,10909,10001,08-Aug-22
6882,10709,9865,06-Aug-22
7900,10919,10145,05-Aug-22
8190,10809,9973,04-Aug-22
8090,10606,9877,03-Aug-22
8799,10555,9474,02-Aug-22
1505,10509,9287,01-Aug-22
6799,9449,9158,30-Jul-22
4105,9259,8504,29-Jul-22
6565,10111,8147,28-Jul-22
2105,9309,8082,27-Jul-22
5619,9231,8142,26-Jul-22
6862,9099,8411,25-Jul-22
4449,9310,9042,22-Jul-22
1115,8982,7865,21-Jul-22
8095,10028,9530,20-Jul-22
7045,9269,8227,19-Jul-22
6809,10029,9622,18-Jul-22
8123,9802,8302,16-Jul-22
7469,9762,8365,15-Jul-22
1002,9402,8863,14-Jul-22
8365,9902,8746,13-Jul-22
6062,10088,9531,12-Jul-22
6982,10168,9756,11-Jul-22
8792,10409,9754,08-Jul-22
2002,10509,9375,07-Jul-22
8282,10252,9621,06-Jul-22
8219,10222,9498,05-Jul-22
7892,10415,10025,04-Jul-22
9722,11108,10478,30-Jun-22
8565,11073,10836,29-Jun-22
9882,11088,10869,28-Jun-22
7942,11028,10401,27-Jun-22
4035,11029,10395,24-Jun-22
8805,11629,10964,23-Jun-22
6005,11839,11204,22-Jun-22
7065,12159,11243,21-Jun-22
2005,12113,11244,20-Jun-22
9065,11722,10725,18-Jun-22
7185,11529,10601,16-Jun-22
7622,11222,9028,15-Jun-22
7222,11913,10764,14-Jun-22
7192,11979,11021,13-Jun-22
7015,11419,11092,10-Jun-22
9599,11863,11414,09-Jun-22
10205,11309,11176,08-Jun-22
9692,11739,11104,07-Jun-22
2005,11919,10862,06-Jun-22
2005,11512,10685,04-Jun-22
4005,11911,11228,03-Jun-22
3009,12163,11277,02-Jun-22
10799,12523,12161,31-May-22
9895,12593,11602,30-May-22
11122,12159,11743,27-May-22
9116,12827,11420,26-May-22
8895,12969,11631,25-May-22
8889,12863,11673,24-May-22
9992,13789,12222,23-May-22
10699,14109,11749,21-May-22
10675,14050,13391,20-May-22
10590,13346,12250,19-May-22
1999,14209,12543,18-May-22
9009,14169,13003,17-May-22
9866,13929,12544,16-May-22
3335,13666,11820,13-May-22
8065,13491,12027,12-May-22
9885,13313,11761,11-May-22
9815,13269,11693,10-May-22
8009,13150,11769,09-May-22
8005,13066,11685,07-May-22
3527,13209,11750,06-May-22
8195,13269,11746,05-May-22
5005,13131,11704,04-May-22
8685,12883,11380,30-Apr-22
7065,12749,11103,29-Apr-22
3765,12569,10679,28-Apr-22
9575,12469,10922,27-Apr-22
9089,12539,10932,26-Apr-22
2515,12669,10707,25-Apr-22
6778,6878,6811,20-Apr-24
1640,8699,7219,18-Apr-24
3000,8640,7299,16-Apr-24
5000,8630,7441,06-Apr-24
3000,9630,7167,04-Apr-24
3806,10350,7036,30-Mar-24
4190,10500,6887,28-Mar-24
5590,8122,7507,23-Mar-24
3106,9569,6928,21-Mar-24
1500,8670,6777,19-Mar-24
3670,8520,6398,16-Mar-24
4499,9769,7187,14-Mar-24
4766,10110,6953,12-Mar-24
3255,8452,6666,05-Mar-24
6309,6410,6385,02-Mar-24
3500,8112,7188,29-Feb-24
2810,9611,6491,27-Feb-24
2500,8392,6598,22-Feb-24
3201,8242,6847,20-Feb-24
5236,8600,6848,17-Feb-24
1200,9861,6479,15-Feb-24
2592,8199,6317,13-Feb-24
3329,8279,6321,06-Feb-24
5759,6919,6262,03-Feb-24
2592,11009,6880,01-Feb-24
1500,9092,5936,30-Jan-24
1210,11009,7466,16-Jan-24
2169,9969,6596,11-Jan-24
3172,9781,6663,09-Jan-24
2999,9340,6505,08-Jan-24
2600,8699,6340,04-Jan-24
2572,9669,6658,02-Jan-24
3189,9069,6667,30-Dec-23
2104,9571,6883,28-Dec-23
3001,9599,7191,26-Dec-23
3009,9679,7473,21-Dec-23
3801,9649,7686,19-Dec-23
3009,9589,7412,16-Dec-23
3519,9739,7939,14-Dec-23
3072,9976,7866,12-Dec-23
2210,9390,7621,09-Dec-23
3872,9550,7645,07-Dec-23
2029,9629,7994,05-Dec-23
1101,9700,7325,02-Dec-23
1020,9769,8154,28-Nov-23
3869,9749,8337,21-Nov-23
1209,9711,7633,18-Nov-23
3009,9709,7690,16-Nov-23
2800,9539,8057,09-Nov-23
2772,9509,8052,07-Nov-23
3009,9569,7992,02-Nov-23
4129,9032,7693,26-Oct-23
1651,2265,2076,25-Oct-23
3172,9090,7271,21-Oct-23
2069,9010,7414,17-Oct-23
1011,9162,7645,12-Oct-23
2572,9131,7657,10-Oct-23
4011,9111,7970,05-Oct-23
2169,9162,7915,03-Oct-23
2911,9042,7787,30-Sep-23
2675,9109,8094,26-Sep-23
2900,8970,7767,23-Sep-23
3511,9099,7838,21-Sep-23
3911,8959,7890,16-Sep-23
2019,9121,7886,14-Sep-23
1169,8919,7636,12-Sep-23
2500,9054,8033,05-Sep-23
2209,8949,7907,02-Sep-23
1001,9172,7880,31-Aug-23
1001,9139,7723,29-Aug-23
2321,9071,7927,26-Aug-23
1011,9399,8083,22-Aug-23
1500,9551,8041,19-Aug-23
2711,9504,8145,17-Aug-23
2091,9340,7804,12-Aug-23
1800,9451,7526,10-Aug-23
1669,9450,7433,08-Aug-23
1500,9271,7629,05-Aug-23
1706,9120,7283,03-Aug-23
1501,9060,7143,01-Aug-23
3500,8869,7029,27-Jul-23
3169,8849,7067,25-Jul-23
4409,8469,6663,20-Jul-23
4029,8400,6733,18-Jul-23
3999,8389,6626,13-Jul-23
2269,8262,6708,11-Jul-23
5806,6975,6788,06-Jul-23
2699,8019,6958,04-Jul-23
2609,7299,5868,01-Jul-23
2019,8159,6614,27-Jun-23
2069,7899,6280,20-Jun-23
3022,7255,6581,15-Jun-23
3009,7416,6507,13-Jun-23
2559,7519,6716,08-Jun-23
4393,7355,6494,06-Jun-23
2855,7414,6577,03-Jun-23
1899,8329,6121,01-Jun-23
2169,7059,6426,30-May-23
2011,8269,6144,25-May-23
3229,8409,6820,23-May-23
1500,8729,6763,18-May-23
1809,8153,6343,16-May-23
2891,6191,5429,09-May-23
2246,8609,6521,06-May-23
1010,7206,6611,02-May-23
2836,7485,6460,29-Apr-23
3000,8155,6959,27-Apr-23
2636,8999,7045,25-Apr-23
2589,8653,7771,20-Apr-23
1900,8733,7059,18-Apr-23
2036,8649,6959,15-Apr-23
1049,8699,7147,13-Apr-23
3011,8799,7326,11-Apr-23
1009,8666,6882,06-Apr-23
3000,8419,6748,01-Apr-23
1700,8709,6910,30-Mar-23
2001,8569,6880,28-Mar-23
2029,8653,6849,18-Mar-23
1609,8739,6746,16-Mar-23
1450,8689,7159,14-Mar-23
1800,8799,6951,10-Mar-23
1800,8799,6951,09-Mar-23
2836,8810,7134,07-Mar-23
1590,8766,7498,04-Mar-23
2091,8739,7386,02-Mar-23
2569,8849,7530,28-Feb-23
1409,8849,7416,23-Feb-23
1500,9296,7433,21-Feb-23
1500,8685,7484,14-Feb-23
1200,9196,7307,09-Feb-23
3009,8642,6990,07-Feb-23
2000,8629,7373,04-Feb-23
1129,8622,7054,02-Feb-23
1000,8692,7170,31-Jan-23
1809,8569,7627,24-Jan-23
2289,8655,7475,21-Jan-23
2211,8899,7595,19-Jan-23
1810,8703,7474,17-Jan-23
1809,8783,7600,12-Jan-23
1581,8699,7479,10-Jan-23
1450,8773,7398,07-Jan-23
2601,8369,7335,05-Jan-23
1500,8849,7007,03-Jan-23
1800,8209,6640,31-Dec-22
1389,8153,6980,29-Dec-22
1450,8069,6771,27-Dec-22
1801,8675,7800,24-Dec-22
2081,8666,7741,22-Dec-22
2081,8733,7628,20-Dec-22
1609,8920,7608,13-Dec-22
2009,9194,7501,10-Dec-22
1500,9496,7944,08-Dec-22
1509,9020,7836,06-Dec-22
3002,9269,8235,03-Dec-22
1499,9609,8136,01-Dec-22
1500,9609,8086,29-Nov-22
1801,9601,8233,26-Nov-22
1750,9399,7874,22-Nov-22
1509,10009,8103,19-Nov-22
1609,10053,8359,17-Nov-22
1601,10009,8219,15-Nov-22
1500,9689,7939,12-Nov-22
1369,9769,8125,10-Nov-22
1569,9976,8201,08-Nov-22
1801,9429,8161,05-Nov-22
1801,11509,7816,03-Nov-22
1555,9229,7431,29-Oct-22
1509,9159,7797,27-Oct-22
2089,9612,7858,22-Oct-22
1052,10099,8098,20-Oct-22
1500,9769,8086,18-Oct-22
1200,10503,8818,13-Oct-22
1009,10129,8424,11-Oct-22
2500,9899,7975,29-Sep-22
500,9999,8085,27-Sep-22
2500,9501,7860,24-Sep-22
2500,9889,7962,22-Sep-22
2500,10999,9462,15-Sep-22
2500,10999,9333,13-Sep-22
2500,10999,9434,10-Sep-22
2500,11009,9726,08-Sep-22
2500,11009,9842,06-Sep-22
2500,11019,9845,03-Sep-22
2019,10766,10035,01-Sep-22
2500,11309,10214,30-Aug-22
2500,11666,10218,27-Aug-22
2500,12199,10543,25-Aug-22
2500,12599,10904,23-Aug-22
2500,12766,11098,20-Aug-22
2500,12900,10966,18-Aug-22
4500,12525,10938,16-Aug-22
9000,12169,10893,13-Aug-22
3500,14699,10838,11-Aug-22
3000,12049,10525,06-Aug-22
2500,12069,10697,04-Aug-22
3509,11779,10701,02-Aug-22
2500,11209,10430,30-Jul-22
2500,10509,9596,28-Jul-22
4069,10101,9522,26-Jul-22
1600,9429,8918,23-Jul-22
3139,9393,8703,21-Jul-22
2500,9493,8659,19-Jul-22
5879,9194,8019,16-Jul-22
6069,9093,8795,14-Jul-22
5100,9215,8639,12-Jul-22
2836,9029,8146,07-Jul-22
3039,9210,8574,05-Jul-22
4099,9400,7660,30-Jun-22
2500,10519,7796,25-Jun-22
5139,10889,8657,23-Jun-22
2270,11357,7799,21-Jun-22
4100,10575,9380,18-Jun-22
3569,11359,9445,16-Jun-22
3609,11699,9231,14-Jun-22
1799,9899,8514,11-Jun-22
6019,11039,8717,09-Jun-22
2039,11699,8608,07-Jun-22
3899,11369,9094,04-Jun-22
3569,12240,9949,02-Jun-22
2500,12496,9576,31-May-22
3601,11699,8646,28-May-22
2500,13329,10789,26-May-22
2509,13397,10758,24-May-22
5013,13299,12137,19-May-22
2500,13399,10794,17-May-22
7513,13119,11107,14-May-22
3000,13399,11551,12-May-22
2500,13119,10377,10-May-22
3159,12791,10714,07-May-22
2500,12591,10059,05-May-22
2100,11209,9142,30-Apr-22
2500,12279,8160,28-Apr-22
2500,12399,9867,26-Apr-22
2616,5689,4665,30-Jan-24
7345,7345,7345,06-Dec-23
3009,6760,6604,16-Oct-23
5209,5209,5209,11-Oct-23
4609,5929,4665,10-Oct-23
2309,7660,7499,04-Sep-23
4232,5832,5299,26-Jun-23
5872,6039,5956,20-Jun-23
6051,6232,6227,06-Jun-23
6566,6566,6566,18-May-23
6669,6669,6669,17-May-23
5666,6730,6559,28-Apr-23
5809,6449,6366,25-Apr-23
2029,6425,4947,24-Apr-23
3050,7250,5954,18-Apr-23
5509,6056,5874,17-Apr-23
6356,6356,6356,12-Apr-23
4029,6252,5877,11-Apr-23
2069,6352,5664,10-Apr-23
2329,6132,5893,05-Apr-23
4859,6333,5507,03-Apr-23
2050,6363,5979,31-Mar-23
6132,6132,6132,29-Mar-23
3450,6132,5734,28-Mar-23
5209,6232,5915,27-Mar-23
4822,6676,5697,20-Mar-23
2209,6282,5785,18-Mar-23
5409,6422,5652,14-Mar-23
2709,6832,5826,09-Mar-23
2869,6565,5704,07-Mar-23
2709,7122,6756,06-Mar-23
2609,6742,5776,03-Mar-23
2222,7012,6820,23-Feb-23
2259,7529,6229,08-Feb-23
5877,7359,6599,03-Feb-23
6029,6829,6343,02-Feb-23
2000,7759,5705,30-Jan-23
3209,7725,5919,12-Jan-23
2512,8050,7128,10-Jan-23
3132,8230,7675,05-Jan-23
2809,6132,5872,02-Jan-23
3069,7512,5869,28-Dec-22
2772,7112,6911,26-Dec-22
3009,8069,6891,22-Dec-22
2309,8142,7358,21-Dec-22
2809,8050,7399,19-Dec-22
5362,7159,6753,09-Dec-22
2109,8019,4507,07-Dec-22
2209,7612,7303,06-Dec-22
2309,8269,7384,05-Dec-22
2330,8455,5613,28-Nov-22
2069,7590,4748,24-Nov-22
3052,8432,7123,22-Nov-22
2089,9069,7010,21-Nov-22
2069,8910,5743,17-Nov-22
2662,9322,8608,16-Nov-22
2512,8502,6548,15-Nov-22
2712,9320,8206,14-Nov-22
2412,7689,6600,09-Nov-22
2409,8662,7589,08-Nov-22
2502,9022,7990,07-Nov-22
3109,7569,6542,04-Nov-22
3890,7250,6826,02-Nov-22
3689,7829,7263,31-Oct-22
3112,6672,5882,28-Oct-22
2112,7870,6329,27-Oct-22
3712,8312,6701,21-Oct-22
6869,8032,7567,20-Oct-22
2029,9390,7319,17-Oct-22
2412,8090,7416,13-Oct-22
2009,8323,6815,12-Oct-22
5209,6869,5915,03-Oct-22
5652,7242,6447,30-Sep-22
5809,7555,6154,28-Sep-22
2209,8112,7122,27-Sep-22
3663,8362,6573,23-Sep-22
4632,8812,8107,22-Sep-22
3022,8980,6748,19-Sep-22
2069,8990,8394,16-Sep-22
4089,9472,8985,14-Sep-22
4022,10400,8817,12-Sep-22
6069,9622,8673,06-Sep-22
6889,9352,8401,05-Sep-22
7750,9122,8551,03-Sep-22
8132,9232,8820,01-Sep-22
6509,9870,9321,29-Aug-22
10969,11059,11029,26-Aug-22
2069,11229,10789,16-Aug-22
8818,8818,8818,11-Jul-22
9869,10909,10827,27-May-22
8509,11519,10475,10-May-22
8069,10669,9966,06-May-22
8819,11221,10416,25-Apr-22
7190,7190,7190,07-Dec-23
7200,7200,7200,14-Mar-23
8000,8000,8000,22-Feb-23
9200,9200,9200,29-Nov-22
9200,9200,9200,28-Nov-22
7051,7051,7051,18-Apr-24
7011,7025,7018,17-Apr-24
6951,7000,6953,16-Apr-24
6901,6901,6901,04-Apr-24
6901,7100,6916,03-Apr-24
6901,7100,6901,02-Apr-24
7025,7100,7063,01-Apr-24
7000,7000,7000,01-Apr-24
11000,11000,11000,22-Dec-23
7200,7200,7200,09-Nov-23
7200,7200,7200,26-Oct-23
7200,7200,7200,19-Jun-23
5550,5550,5550,19-Jun-23
7550,7624,7624,24-Apr-23
8000,8300,8200,14-Nov-22
7901,8100,7980,09-Nov-22
8501,8701,8686,14-Oct-22
8601,8601,8601,06-Oct-22
8201,10001,8995,01-Oct-22
8400,8400,8400,26-Sep-22
9801,9801,9801,14-Sep-22
9801,9801,9801,06-Sep-22
9901,9901,9901,29-Aug-22
8500,10001,9701,23-Aug-22
10100,10300,10200,20-Aug-22
8500,10000,9400,08-Aug-22
8800,8800,8800,13-Jun-22
8600,16000,10342,31-May-22
8800,8800,8800,26-May-22
8800,8800,8800,25-May-22
8800,8800,8800,19-May-22
10000,10000,10000,19-May-22
8000,8000,8000,12-May-22
9300,9500,9443,12-May-22
8525,8525,8525,11-May-22
11100,11100,11100,11-May-22
8501,8501,8501,10-May-22
8400,8400,8400,05-May-22
10100,10100,10100,05-May-22
7200,7200,7200,28-Apr-22
8401,8401,8401,27-Apr-22
8251,8301,8272,26-Apr-22
7085,7115,7096,22-Feb-24
7030,7115,7045,29-Jan-24
5975,6010,6001,11-Jan-24
6550,6550,6550,01-Dec-23
7001,7001,7001,23-Nov-23
6801,7150,6821,09-Nov-23
7760,9458,8875,29-Aug-22
8245,8245,8245,30-Apr-22
8169,9769,9029,01-Jan-24
8069,9669,9090,25-Dec-23
8469,9929,9429,18-Dec-23
9559,9981,9751,11-Dec-23
9289,9851,9560,04-Dec-23
9609,9869,9769,27-Nov-23
6309,7890,7369,02-Jan-23
6890,8229,7890,26-Dec-22
7349,8721,8369,19-Dec-22
6593,8790,8289,12-Dec-22
8439,9049,8900,05-Dec-22
8369,9289,8990,28-Nov-22
8969,9610,9390,21-Nov-22
7829,7829,7829,17-Apr-24
5819,8189,7920,15-Apr-24
7801,7801,7801,22-Mar-24
7500,7500,7500,15-Mar-24
7809,7809,7809,12-Mar-24
7509,7509,7509,05-Mar-24
7219,7219,7219,23-Feb-24
6600,6600,6600,21-Feb-24
7149,7149,7149,20-Feb-24
7150,7150,7150,07-Feb-24
6869,6869,6869,12-Jan-24
7219,7219,7219,03-Jan-24
7000,7550,7351,24-Nov-23
3589,7669,7302,23-Nov-23
7219,7600,7500,21-Nov-23
3089,7659,7327,20-Nov-23
7170,7550,7425,17-Nov-23
3479,7649,7319,16-Nov-23
7429,7589,7559,15-Nov-23
3719,7639,7439,14-Nov-23
3500,7619,7206,13-Nov-23
3079,7649,7364,09-Nov-23
7549,7600,7591,08-Nov-23
7489,7540,7521,07-Nov-23
3189,7749,7452,06-Nov-23
7510,7510,7510,03-Nov-23
3369,7759,7579,02-Nov-23
7329,7529,7450,31-Oct-23
3469,7559,7285,30-Oct-23
7000,7119,7110,27-Oct-23
3639,7351,7227,26-Oct-23
3769,7329,7129,25-Oct-23
6900,7249,7200,21-Oct-23
3289,7289,6980,19-Oct-23
4109,7299,6890,16-Oct-23
3569,7099,6555,12-Oct-23
6500,6889,6759,10-Oct-23
4789,7309,6660,09-Oct-23
6459,7219,6919,06-Oct-23
3759,7349,6918,05-Oct-23
7119,7119,7119,03-Oct-23
5069,7321,6659,23-Jun-23
6209,7819,7355,19-Jun-23
7849,7849,7849,16-Jun-23
6209,7209,7165,12-Jun-23
4569,8029,7495,05-Jun-23
7849,7849,7849,02-Jun-23
3869,8309,7400,01-Jun-23
7800,8370,8300,26-May-23
5579,8459,8165,22-May-23
6029,8559,7429,18-May-23
7200,8399,8201,17-May-23
8359,8359,8359,16-May-23
3669,8566,8143,15-May-23
7400,7400,7400,12-May-23
7269,8579,8375,08-May-23
7200,8549,8250,05-May-23
6699,8559,7992,02-May-23
8449,8449,8449,28-Apr-23
6700,8549,8355,25-Apr-23
3719,8569,8220,24-Apr-23
3069,8589,8130,20-Apr-23
7249,7249,7249,19-Apr-23
7249,8499,8400,18-Apr-23
3891,8571,7907,17-Apr-23
3069,8579,8135,13-Apr-23
6775,8499,8125,12-Apr-23
7869,8475,8400,11-Apr-23
3161,8569,7742,10-Apr-23
6499,8519,7751,06-Apr-23
6500,8399,7975,05-Apr-23
4069,8489,7315,03-Apr-23
6069,7219,6869,01-Apr-23
5500,8250,7045,31-Mar-23
4029,8489,7699,30-Mar-23
3939,8459,7515,27-Mar-23
6369,8449,7584,23-Mar-23
3849,8469,7303,20-Mar-23
6699,8200,7170,17-Mar-23
5589,8449,7371,16-Mar-23
8000,8269,8118,15-Mar-23
6800,8050,7325,14-Mar-23
3509,8459,7115,13-Mar-23
7609,7809,7709,10-Mar-23
3269,8529,7735,09-Mar-23
7969,8659,8459,07-Mar-23
5019,8559,7315,06-Mar-23
8000,8501,8500,04-Mar-23
6859,8219,7430,03-Mar-23
5761,8559,7660,02-Mar-23
6800,8619,8375,01-Mar-23
6800,7500,7215,28-Feb-23
3569,8599,7925,27-Feb-23
7800,8569,8395,24-Feb-23
4019,8669,7115,23-Feb-23
7049,8699,8259,22-Feb-23
7100,8699,8523,21-Feb-23
6209,8689,8119,20-Feb-23
7150,8699,8359,17-Feb-23
3569,8699,8001,16-Feb-23
8489,8689,8585,15-Feb-23
6801,8650,7155,14-Feb-23
4271,8709,8265,13-Feb-23
7350,8741,8560,10-Feb-23
4919,8741,8300,09-Feb-23
8269,8569,8519,08-Feb-23
7130,8729,7845,07-Feb-23
4009,8759,8200,06-Feb-23
8725,8849,8841,04-Feb-23
5759,8775,8130,03-Feb-23
6091,8789,8200,02-Feb-23
7200,8947,8675,01-Feb-23
8649,8965,8745,31-Jan-23
4819,9000,8250,30-Jan-23
6521,9000,8850,27-Jan-23
8736,9049,8900,25-Jan-23
8489,9019,8935,24-Jan-23
4261,9009,8700,23-Jan-23
7400,9009,8930,20-Jan-23
4509,9129,8495,19-Jan-23
7525,9059,8500,18-Jan-23
8525,9029,8800,17-Jan-23
4599,9199,7519,12-Jan-23
8650,8999,8799,11-Jan-23
8131,8700,8500,10-Jan-23
3869,9199,8308,09-Jan-23
3989,9309,8016,05-Jan-23
8370,8500,8445,04-Jan-23
7999,8700,8500,31-Dec-22
3029,9199,7671,30-Dec-22
4529,8699,7735,29-Dec-22
7400,8669,8419,28-Dec-22
4279,9059,8061,26-Dec-22
7000,9000,8795,23-Dec-22
4269,9259,8645,22-Dec-22
6701,9150,8550,21-Dec-22
4041,9319,8900,19-Dec-22
3589,9379,8731,15-Dec-22
8699,9299,9150,14-Dec-22
3671,9300,8909,13-Dec-22
3000,9389,9030,12-Dec-22
8800,9500,9300,09-Dec-22
3609,9469,8462,08-Dec-22
8900,8900,8900,07-Dec-22
8900,9859,9495,06-Dec-22
3509,9659,9050,05-Dec-22
9299,9299,9299,03-Dec-22
8161,9609,9505,02-Dec-22
3109,9709,9155,01-Dec-22
4069,9809,9185,28-Nov-22
5000,9601,8500,25-Nov-22
4109,9721,9200,24-Nov-22
4200,9999,9450,22-Nov-22
4179,10099,9439,21-Nov-22
9001,9999,9275,19-Nov-22
7500,10159,9527,17-Nov-22
9000,9449,9200,16-Nov-22
9290,9290,9290,15-Nov-22
4009,9819,9255,14-Nov-22
7201,8001,7800,09-Nov-22
4069,9589,8735,07-Nov-22
8319,8519,8450,04-Nov-22
4400,8789,7830,03-Nov-22
7389,8019,7600,02-Nov-22
3891,8639,7558,31-Oct-22
3539,8719,7585,27-Oct-22
4069,8789,7325,24-Oct-22
4069,9359,8009,20-Oct-22
4819,9519,8415,17-Oct-22
4569,9559,8615,13-Oct-22
4409,9509,9005,10-Oct-22
11505,11505,11505,06-Oct-22
3509,9089,8199,06-Oct-22
3119,9019,8365,05-Oct-22
3799,9169,8052,03-Oct-22
7659,7999,7859,30-Sep-22
12005,12005,12005,29-Sep-22
3689,9096,7445,29-Sep-22
7569,8109,7899,28-Sep-22
7959,8199,8099,27-Sep-22
3869,8839,7650,26-Sep-22
7899,8400,8100,21-Sep-22
4299,9099,7520,19-Sep-22
4069,8719,8235,15-Sep-22
4169,9409,7925,12-Sep-22
4021,9989,9415,08-Sep-22
4690,10216,8885,05-Sep-22
9719,9929,9831,26-Aug-22
4009,10599,9661,25-Aug-22
3509,10019,9600,22-Aug-22
3389,10561,8148,18-Aug-22
7500,11500,10000,30-Jun-22
8000,8000,8000,17-Jun-22
9196,12659,11700,23-May-22
11619,11619,11619,19-May-22
12500,12500,12500,17-May-22
10200,13019,12455,16-May-22
11000,12030,11750,11-May-22
10900,12065,11665,10-May-22
9221,12369,11980,09-May-22
11600,12000,11800,06-May-22
9800,12811,12600,05-May-22
4939,12031,10715,02-May-22
10219,11500,11320,30-Apr-22
5569,11839,10785,28-Apr-22
6619,12449,11250,25-Apr-22
8000,8000,8000,20-Mar-24
6850,6850,6850,12-Jan-24
6875,6875,6875,01-Jan-24
7040,7040,7040,27-Dec-23
6920,6920,6920,26-Dec-23
6750,7030,6750,22-Dec-23
7060,7060,7060,19-Dec-23
7200,8000,7200,14-Mar-23
7309,7309,7309,08-Mar-23
7209,7209,7209,07-Mar-23
8150,8150,8150,01-Mar-23
8300,8300,8300,27-Feb-23
8300,8300,8300,24-Feb-23
6509,6509,6509,21-Feb-23
8129,8129,8129,11-Feb-23
8250,8350,8250,09-Feb-23
6809,8440,6809,08-Feb-23
8450,8500,8450,07-Feb-23
8470,8500,8470,06-Feb-23
8450,8500,8470,04-Feb-23
8500,8500,8500,03-Feb-23
8500,8500,8500,02-Feb-23
8500,8500,8500,01-Feb-23
8500,8500,8500,27-Jan-23
7800,8300,7800,28-Dec-22
8200,8500,8400,24-Dec-22
8480,8525,8480,17-Dec-22
8400,8400,8400,16-Dec-22
8700,8700,8700,12-Dec-22
8509,8725,8625,10-Dec-22
8700,8700,8700,09-Dec-22
9005,9005,9005,08-Dec-22
9175,9175,9175,05-Dec-22
9009,9350,9009,01-Dec-22
9009,9400,9350,29-Nov-22
8509,8509,8509,26-Oct-22
8786,8786,8786,19-Dec-23
3500,7389,6799,18-Nov-23
7110,7200,7134,16-Oct-23
2069,7500,6819,30-Sep-23
3619,7809,6689,23-Sep-23
2069,8009,7819,16-Sep-23
2289,8729,7495,02-Sep-23
2370,7909,7295,19-Aug-23
1800,7569,6297,12-Aug-23
4119,6769,6070,06-May-23
2500,7259,5961,18-Mar-23
2000,7339,5871,11-Mar-23
2569,7185,6123,04-Mar-23
1289,7539,6646,25-Feb-23
2000,7319,6140,11-Feb-23
2000,8199,6126,04-Feb-23
2500,8019,6847,28-Jan-23
3269,8419,7318,21-Jan-23
3500,7919,6674,14-Jan-23
2500,8269,6640,07-Jan-23
1889,8099,6772,31-Dec-22
2670,8519,6835,24-Dec-22
2099,9029,6850,17-Dec-22
2999,9816,7779,26-Nov-22
2799,9899,7828,19-Nov-22
3019,9599,6978,12-Nov-22
1219,9209,6296,05-Nov-22
3200,9499,7491,03-Nov-22
2000,9210,6343,22-Oct-22
2289,9211,8959,10-Oct-22
1500,9599,7472,08-Oct-22
4609,9169,8719,07-Oct-22
4609,9019,8719,03-Oct-22
1209,9061,7305,01-Oct-22
2209,9069,8312,27-Sep-22
1636,9169,7253,24-Sep-22
2696,10339,8066,17-Sep-22
7009,10119,9919,12-Sep-22
6269,10089,9811,06-Sep-22
9869,10569,10369,01-Sep-22
4969,5869,5543,18-Apr-24
5489,6669,6242,15-Apr-24
5469,6119,5780,04-Apr-24
5569,6529,6081,01-Apr-24
5789,6539,6071,28-Mar-24
5569,6609,6337,21-Mar-24
6049,6301,6162,18-Mar-24
6350,6500,6450,14-Mar-24
4679,5674,5122,29-Feb-24
5500,5951,5872,26-Feb-24
4769,5649,5302,19-Feb-24
1000,5649,5065,12-Feb-24
2000,5769,4267,08-Feb-24
2010,6000,4968,05-Feb-24
4500,5500,5226,01-Feb-24
2000,5256,4195,29-Jan-24
4969,6069,5416,25-Jan-24
5339,5619,5472,11-Jan-24
4559,6109,5565,08-Jan-24
5369,5639,5583,04-Jan-24
1063,6052,4198,01-Jan-24
5109,5969,5561,28-Dec-23
5301,6030,5803,18-Dec-23
5169,6119,5739,14-Dec-23
3200,6150,5420,11-Dec-23
5269,6341,6022,07-Dec-23
4000,6819,6239,04-Dec-23
5100,6341,5894,27-Nov-23
5891,6749,6185,23-Nov-23
4790,6825,6148,20-Nov-23
5049,6789,6245,16-Nov-23
6300,6470,6374,09-Nov-23
5389,6569,6178,06-Nov-23
1404,6651,5745,02-Nov-23
4250,6709,6048,30-Oct-23
3500,6810,6293,26-Oct-23
5814,6889,6642,19-Oct-23
3700,6709,6194,16-Oct-23
5701,6896,6417,12-Oct-23
4649,6869,6546,09-Oct-23
1000,7159,6039,05-Oct-23
669,7169,6094,25-Sep-23
2249,7309,6566,21-Sep-23
1000,7169,6381,14-Sep-23
4000,7369,6347,11-Sep-23
2000,7259,6189,04-Sep-23
3000,7239,6401,24-Aug-23
1698,7150,6370,17-Aug-23
1569,6829,6036,14-Aug-23
4850,6789,6388,10-Aug-23
1000,7269,6425,07-Aug-23
5801,6801,6506,03-Aug-23
1000,6702,5786,31-Jul-23
5650,6569,6315,27-Jul-23
2506,6649,6019,24-Jul-23
5689,6649,6297,20-Jul-23
5365,6749,6212,17-Jul-23
1000,6710,5881,13-Jul-23
1300,6609,6148,10-Jul-23
5600,6560,6195,06-Jul-23
1819,6630,6031,03-Jul-23
5300,6496,6188,26-Jun-23
5509,5619,5582,22-Jun-23
5100,6301,5785,19-Jun-23
500,6100,5454,15-Jun-23
4900,5591,5278,12-Jun-23
3269,5789,5227,08-Jun-23
1679,5839,5443,05-Jun-23
3849,5519,5020,01-Jun-23
589,5981,4934,29-May-23
1256,5869,5260,25-May-23
5464,6161,5896,22-May-23
4661,6401,6054,18-May-23
3000,6441,6206,15-May-23
2500,6449,6198,11-May-23
1000,6454,5980,08-May-23
1000,6411,6093,04-May-23
5719,6729,6189,27-Apr-23
4169,6781,6330,24-Apr-23
5769,6519,6281,20-Apr-23
5186,6569,6226,17-Apr-23
1669,6749,6143,13-Apr-23
2670,6709,6096,10-Apr-23
1500,6702,6120,06-Apr-23
4869,6516,6079,03-Apr-23
4669,6501,5948,30-Mar-23
4860,6586,5980,27-Mar-23
1000,6729,5728,20-Mar-23
2600,6470,5593,16-Mar-23
4689,6798,6014,13-Mar-23
2869,6698,5859,09-Mar-23
2650,7679,6208,06-Mar-23
4300,7319,6158,02-Mar-23
3650,7379,6589,27-Feb-23
2566,7509,6669,23-Feb-23
6060,7500,7001,20-Feb-23
1800,7100,6533,13-Feb-23
500,7069,6519,09-Feb-23
2000,7009,6386,06-Feb-23
2100,7283,5976,02-Feb-23
3069,7543,6649,30-Jan-23
1800,7566,6657,23-Jan-23
769,7900,6515,19-Jan-23
1700,7800,6897,16-Jan-23
4160,7989,6997,12-Jan-23
700,8070,6810,09-Jan-23
505,8000,6735,05-Jan-23
2000,8000,6837,02-Jan-23
606,8352,6771,29-Dec-22
1869,8269,7232,26-Dec-22
6169,8626,8017,22-Dec-22
2171,8750,7744,19-Dec-22
3869,8659,7100,08-Dec-22
3500,8786,7539,05-Dec-22
1079,9011,7654,01-Dec-22
1689,9406,7429,28-Nov-22
3300,8396,7223,24-Nov-22
2629,9320,7798,21-Nov-22
709,9679,7700,17-Nov-22
1900,9529,7604,14-Nov-22
300,8767,6291,10-Nov-22
600,9296,6481,07-Nov-22
1606,8459,6350,03-Nov-22
709,7959,6252,31-Oct-22
2569,8156,6500,27-Oct-22
1670,9036,7534,20-Oct-22
1366,9212,7716,17-Oct-22
7080,9000,8514,13-Oct-22
4869,9359,8300,10-Oct-22
1303,7869,6792,06-Oct-22
1100,8659,6613,03-Oct-22
4009,8090,7070,29-Sep-22
1079,9009,7541,22-Sep-22
4100,9758,8346,19-Sep-22
4000,10010,8470,15-Sep-22
2256,9882,8371,12-Sep-22
4476,9818,9712,08-Sep-22
6000,10109,8753,05-Sep-22
7000,10469,9143,01-Sep-22
4456,10700,9311,29-Aug-22
4101,11079,8738,25-Aug-22
4464,11316,10177,22-Aug-22
6868,11511,10738,18-Aug-22
6060,10333,9759,11-Aug-22
8401,9450,9128,08-Aug-22
5369,9319,9003,04-Aug-22
8616,8818,8693,01-Aug-22
7626,9359,8495,28-Jul-22
3200,8535,7615,25-Jul-22
2101,7767,6466,21-Jul-22
6363,7809,7400,18-Jul-22
3029,7579,6025,11-Jul-22
8509,8606,8561,07-Jul-22
6666,9242,8103,04-Jul-22
6234,6567,6438,27-Jun-22
3350,9809,7179,20-Jun-22
5666,7123,6555,16-Jun-22
6171,10910,8731,13-Jun-22
3262,11011,7801,06-Jun-22
3030,9868,6962,02-Jun-22
3636,11311,9004,30-May-22
6060,11611,9773,26-May-22
4868,13065,12320,23-May-22
8282,13011,10998,19-May-22
1818,12112,10685,16-May-22
9515,11920,10681,12-May-22
2121,11900,8839,09-May-22
7686,11829,10733,05-May-22
3686,11400,9960,28-Apr-22
4545,11688,9606,25-Apr-22
7100,7200,7157,17-Nov-23
7500,8200,7815,24-Nov-22
7500,8200,7848,10-Nov-22
7500,8200,7807,07-Nov-22
7500,8200,7787,05-Nov-22
5600,8200,7866,28-Oct-22
7500,8200,7755,19-Oct-22
6600,7000,6900,27-Nov-23
6600,6800,6700,24-Nov-23
6400,7400,7300,23-Nov-23
7100,7100,7100,22-Nov-23
6700,7000,6850,20-Nov-23
6500,6500,6500,18-Nov-23
6300,6300,6300,17-Nov-23
7000,7000,7000,03-Nov-23
6600,6800,6650,25-Aug-23
6500,6500,6500,04-Aug-23
6300,6300,6300,11-Jul-23
6550,7000,7000,03-May-23
5720,7165,7000,02-May-23
6400,6800,6700,29-Apr-23
6500,6500,6500,28-Apr-23
5800,6800,6500,27-Apr-23
6500,6650,6500,26-Apr-23
6800,7000,6800,25-Apr-23
6500,6900,6800,24-Apr-23
6500,6900,6900,20-Apr-23
6900,6950,6950,19-Apr-23
6700,6900,6850,18-Apr-23
6500,6900,6750,17-Apr-23
6600,6900,6900,15-Apr-23
6400,6900,6800,12-Apr-23
6650,6850,6700,11-Apr-23
6300,6650,6600,10-Apr-23
6400,6650,6650,05-Apr-23
6350,6750,6700,03-Apr-23
6700,6700,6700,01-Apr-23
6600,6600,6600,31-Mar-23
6200,6200,6200,30-Mar-23
6780,6780,6780,29-Mar-23
6400,6600,6600,28-Mar-23
6450,6750,6650,27-Mar-23
6600,6650,6600,24-Mar-23
6300,6800,6300,23-Mar-23
6000,6700,6600,21-Mar-23
6350,6750,6650,20-Mar-23
6700,6700,6700,17-Mar-23
6650,6650,6650,16-Mar-23
6100,6350,6200,15-Mar-23
6300,6500,6400,14-Mar-23
6500,6850,6500,13-Mar-23
6350,6800,6500,10-Mar-23
7800,7800,7800,09-Mar-23
6800,6800,6800,07-Mar-23
6200,7720,6500,06-Mar-23
6700,6800,6700,04-Mar-23
6250,8150,6600,03-Mar-23
6500,6900,6600,02-Mar-23
6500,8000,6500,28-Feb-23
6500,6800,6500,27-Feb-23
6500,8500,7000,24-Feb-23
6500,8570,7500,22-Feb-23
6250,6650,6600,21-Feb-23
6400,6600,6450,20-Feb-23
6600,6800,6750,16-Feb-23
6300,6800,6650,13-Feb-23
6600,6800,6800,10-Feb-23
6300,7000,6850,08-Feb-23
6600,7000,6850,07-Feb-23
7000,7000,7000,06-Feb-23
7100,7100,7100,04-Feb-23
7000,8450,8200,03-Feb-23
6900,7000,6950,02-Feb-23
7000,7000,7000,27-Jan-23
7200,8100,7500,23-Jan-23
7500,8000,7900,17-Jan-23
6800,6800,6800,07-Jan-23
7700,7700,7700,27-Dec-22
7500,7800,7500,23-Dec-22
7500,7500,7500,21-Dec-22
7700,7700,7700,20-Dec-22
8100,8600,8300,17-Dec-22
8000,8000,8000,15-Dec-22
8000,8000,8000,13-Dec-22
8350,8350,8350,12-Dec-22
7900,8300,8200,07-Dec-22
8000,8000,8000,06-Dec-22
8900,8900,8900,05-Dec-22
8500,9000,8950,03-Dec-22
8700,8900,8700,02-Dec-22
8900,9000,8950,01-Dec-22
8500,8500,8500,28-Nov-22
8500,8500,8500,25-Nov-22
8900,9000,8900,23-Nov-22
8900,8900,8900,22-Nov-22
8700,9200,9000,21-Nov-22
8200,8200,8200,19-Nov-22
9000,9200,9000,18-Nov-22
8800,9000,8900,17-Nov-22
8800,8800,8800,16-Nov-22
8900,9000,8900,15-Nov-22
8500,8500,8500,14-Nov-22
8450,9000,8700,10-Nov-22
9000,9000,9000,09-Nov-22
8000,8500,8100,07-Nov-22
8000,8000,8000,04-Nov-22
8000,8000,8000,03-Nov-22
8000,8000,8000,31-Oct-22
8400,8500,8400,21-Oct-22
8600,8600,8600,11-Oct-22
8800,8800,8800,07-Oct-22
10600,10600,10600,21-Jun-22
10700,10700,10700,13-Jun-22
10400,10400,10400,06-Jun-22
10400,10700,10500,02-Jun-22
10800,10800,10800,31-May-22
10000,11400,11400,30-May-22
11600,11600,11600,26-May-22
11000,11300,11000,25-May-22
11900,11900,11900,24-May-22
11400,11800,11800,23-May-22
11700,11700,11700,20-May-22
11300,11700,11500,19-May-22
10900,11900,11900,18-May-22
10800,11500,11000,16-May-22
10875,11000,10875,13-May-22
10000,10900,10900,12-May-22
10850,11000,10900,11-May-22
10900,10950,10950,10-May-22
10700,10900,10800,09-May-22
10500,11000,10600,07-May-22
10700,10740,10700,06-May-22
10400,10700,10500,05-May-22
10300,10650,10600,04-May-22
10500,10625,10550,29-Apr-22
10600,10600,10600,28-Apr-22
10300,10600,10600,27-Apr-22
10300,10650,10300,25-Apr-22
6700,7700,7300,23-Apr-24
6900,7800,7300,22-Apr-24
7000,7800,7400,20-Apr-24
6800,7700,7300,19-Apr-24
6900,7900,7500,18-Apr-24
7000,7900,7600,17-Apr-24
6900,7800,7400,16-Apr-24
6800,7900,7400,15-Apr-24
7100,8000,7550,06-Apr-24
7000,7900,7500,05-Apr-24
6900,7900,7400,04-Apr-24
6900,8000,7400,03-Apr-24
7000,8100,7500,02-Apr-24
7100,8000,7600,01-Apr-24
6900,7800,7400,30-Mar-24
7000,7900,7400,28-Mar-24
7000,8000,7600,27-Mar-24
7100,8000,7500,26-Mar-24
7700,8500,8000,22-Mar-24
7000,8000,7500,21-Mar-24
7100,8100,7600,20-Mar-24
6900,8000,7400,19-Mar-24
7000,8100,7600,18-Mar-24
7100,8100,7500,16-Mar-24
7000,8000,7500,15-Mar-24
7000,8100,7600,14-Mar-24
7100,8200,7600,13-Mar-24
7300,8250,7800,12-Mar-24
7200,8100,7600,11-Mar-24
7000,8000,7500,09-Mar-24
7300,8100,7700,07-Mar-24
7200,8000,7700,06-Mar-24
7000,7900,7500,05-Mar-24
7100,8100,7600,04-Mar-24
7200,8200,7800,02-Mar-24
7000,8100,7700,01-Mar-24
7200,8100,7750,29-Feb-24
7100,8000,7600,28-Feb-24
6400,7700,7000,27-Feb-24
6350,7600,6900,26-Feb-24
6900,7600,7300,23-Feb-24
6900,7500,7100,22-Feb-24
6800,7600,7200,21-Feb-24
6500,7300,6900,20-Feb-24
6500,7200,6700,19-Feb-24
6600,7300,7000,17-Feb-24
6500,7100,6800,16-Feb-24
6400,7000,6700,15-Feb-24
6400,7200,6800,14-Feb-24
6500,7100,6800,13-Feb-24
6600,7300,6900,12-Feb-24
6500,7100,6800,10-Feb-24
6450,7000,6700,08-Feb-24
6400,7100,6800,07-Feb-24
6450,7200,6900,06-Feb-24
6500,7100,6800,05-Feb-24
6400,7000,6800,03-Feb-24
6500,7000,6700,02-Feb-24
6400,7100,6800,01-Feb-24
6500,7000,6700,31-Jan-24
6500,7100,6800,30-Jan-24
6400,7000,6600,29-Jan-24
6500,7200,6800,25-Jan-24
6500,7250,6900,24-Jan-24
6800,7400,7000,23-Jan-24
6500,7300,6900,22-Jan-24
6600,7300,6800,20-Jan-24
6700,7300,7000,19-Jan-24
6400,7200,6800,17-Jan-24
6600,7300,7000,16-Jan-24
6450,7200,6700,13-Jan-24
6400,7200,6800,12-Jan-24
6400,7300,6900,10-Jan-24
6500,7200,6800,09-Jan-24
6500,7250,6900,08-Jan-24
6500,7300,7000,06-Jan-24
6600,7300,6900,05-Jan-24
6600,7250,6800,04-Jan-24
6500,7300,6800,03-Jan-24
6600,7300,6900,02-Jan-24
6800,7400,7000,01-Jan-24
6600,7200,6900,30-Dec-23
6500,7200,6850,29-Dec-23
6500,7350,7000,28-Dec-23
6600,7200,6900,27-Dec-23
6500,7300,6900,26-Dec-23
6400,7200,6900,22-Dec-23
6500,7300,6900,21-Dec-23
6550,7300,7000,20-Dec-23
6500,7200,6900,19-Dec-23
6400,7300,6800,18-Dec-23
6400,7200,6800,16-Dec-23
6500,7200,6950,15-Dec-23
6500,7300,7100,14-Dec-23
6600,7300,7000,13-Dec-23
6500,7200,6900,11-Dec-23
6600,7300,6900,09-Dec-23
6700,7400,7000,08-Dec-23
6800,7350,7100,07-Dec-23
6700,7300,7000,06-Dec-23
6600,7250,7000,05-Dec-23
6800,7300,7100,04-Dec-23
6700,7300,7000,02-Dec-23
6500,7200,6900,01-Dec-23
6600,7350,7000,29-Nov-23
6700,7300,7000,28-Nov-23
6700,7350,7100,27-Nov-23
6600,7300,6900,24-Nov-23
6600,7300,7000,23-Nov-23
6500,7300,6900,22-Nov-23
6600,7350,7000,21-Nov-23
6800,7500,7200,20-Nov-23
6600,7400,7100,18-Nov-23
6800,7650,7200,17-Nov-23
6750,7600,7100,16-Nov-23
6200,7600,6900,15-Nov-23
6800,7450,7000,11-Nov-23
6700,7400,7100,10-Nov-23
6800,7400,7000,09-Nov-23
6900,7500,7200,08-Nov-23
6700,7500,7100,07-Nov-23
6300,7600,6900,06-Nov-23
6800,7500,7000,04-Nov-23
6900,7600,7200,03-Nov-23
6800,7400,7100,02-Nov-23
6800,7700,7250,31-Oct-23
6900,7700,7200,30-Oct-23
6900,7650,7200,27-Oct-23
6800,7600,7300,26-Oct-23
6700,7500,7150,25-Oct-23
6700,7400,7000,21-Oct-23
6800,7500,7200,20-Oct-23
6600,7400,7000,19-Oct-23
6750,7600,7300,18-Oct-23
6900,7500,7250,17-Oct-23
6800,7600,7200,16-Oct-23
6900,7500,7300,13-Oct-23
6700,7400,7000,12-Oct-23
6600,7450,7000,11-Oct-23
6700,7500,7100,10-Oct-23
6800,7400,7100,09-Oct-23
6700,7400,7000,07-Oct-23
6700,7500,7000,06-Oct-23
6500,7400,6900,05-Oct-23
6800,7500,7200,04-Oct-23
6600,7550,7150,03-Oct-23
6800,7400,7000,30-Sep-23
6900,7500,7200,29-Sep-23
6700,7400,7000,27-Sep-23
6800,7500,7100,26-Sep-23
6700,7500,7200,25-Sep-23
6500,7600,7000,22-Sep-23
6700,7600,7100,21-Sep-23
6900,7700,7350,20-Sep-23
6800,7600,7300,19-Sep-23
6900,7600,7300,16-Sep-23
6600,7500,7100,15-Sep-23
6800,7800,7200,13-Sep-23
7000,8000,7500,12-Sep-23
7000,8000,7600,11-Sep-23
6900,7600,7300,09-Sep-23
6900,7800,7300,08-Sep-23
7200,7900,7650,06-Sep-23
7200,8000,7500,05-Sep-23
7100,8000,7600,04-Sep-23
6800,7700,7200,02-Sep-23
7000,7800,7400,01-Sep-23
6900,7600,7300,31-Aug-23
6800,7500,7100,30-Aug-23
6800,7600,7200,29-Aug-23
7400,8000,7700,28-Aug-23
7050,7900,7350,25-Aug-23
7000,7900,7500,24-Aug-23
7200,8000,7700,23-Aug-23
7000,7950,7500,22-Aug-23
7100,8000,7600,21-Aug-23
6900,7950,7400,19-Aug-23
7000,8000,7500,18-Aug-23
7100,8000,7600,17-Aug-23
6900,7850,7400,14-Aug-23
6800,7850,7350,12-Aug-23
6900,7800,7300,11-Aug-23
7100,7850,7400,10-Aug-23
7000,7800,7300,09-Aug-23
6900,7700,7300,08-Aug-23
6800,7750,7200,07-Aug-23
7100,7700,7500,05-Aug-23
6900,7600,7300,04-Aug-23
6800,7600,7200,03-Aug-23
6700,7400,7050,01-Aug-23
6800,7300,7000,31-Jul-23
6400,7000,6750,28-Jul-23
6350,7100,6700,27-Jul-23
6300,7100,6600,26-Jul-23
6200,7000,6700,25-Jul-23
6250,7000,6700,21-Jul-23
6200,7000,6700,19-Jul-23
6500,7200,6900,18-Jul-23
6300,7200,6800,15-Jul-23
6200,7000,6600,14-Jul-23
6400,7100,6750,13-Jul-23
6300,7100,6700,12-Jul-23
6200,7100,6800,11-Jul-23
6000,7150,6700,10-Jul-23
6350,7200,6700,08-Jul-23
6400,7300,7300,07-Jul-23
6100,7200,6600,06-Jul-23
6500,7250,6900,04-Jul-23
6400,7150,6700,03-Jul-23
6300,7100,6800,01-Jul-23
6200,7000,6600,30-Jun-23
6000,7000,6500,28-Jun-23
6200,7000,6650,27-Jun-23
6300,7175,6750,26-Jun-23
6200,7100,6600,23-Jun-23
6400,7300,6800,22-Jun-23
6600,7350,7000,21-Jun-23
6550,7300,6900,20-Jun-23
6500,7200,6800,19-Jun-23
6200,7100,6700,17-Jun-23
6100,7100,6800,16-Jun-23
6400,7200,6900,15-Jun-23
6200,7100,6600,14-Jun-23
6300,7250,6800,13-Jun-23
6500,7200,6900,12-Jun-23
6600,7200,6900,10-Jun-23
6500,7250,7000,09-Jun-23
6200,7200,6600,08-Jun-23
6400,7300,6800,07-Jun-23
6500,7300,6900,06-Jun-23
6550,7500,6900,02-Jun-23
6450,7300,6900,01-Jun-23
6500,7200,6800,31-May-23
6300,7200,6800,30-May-23
6500,7400,7100,29-May-23
6000,6900,6400,26-May-23
6200,7000,6500,25-May-23
6200,7100,6800,24-May-23
6500,7200,6900,23-May-23
6900,7500,7100,22-May-23
6700,7600,7200,20-May-23
6600,7500,7050,18-May-23
6900,7650,7400,17-May-23
6600,7600,7300,16-May-23
6800,7750,7400,15-May-23
6900,7750,7300,13-May-23
6800,7800,7300,12-May-23
6700,8000,7650,11-May-23
6750,7700,7300,09-May-23
6900,7700,7400,08-May-23
6900,7850,7400,06-May-23
6800,7750,7300,05-May-23
7000,7800,7350,04-May-23
7100,7950,7400,03-May-23
7000,7800,7350,02-May-23
6900,7750,7300,29-Apr-23
7000,7850,7400,28-Apr-23
6900,7950,7400,27-Apr-23
7050,8000,7500,26-Apr-23
7300,8000,7600,25-Apr-23
6800,7800,7200,21-Apr-23
7200,8100,7700,19-Apr-23
7300,8100,7600,18-Apr-23
7200,8100,7700,17-Apr-23
7400,8200,7800,15-Apr-23
7300,8000,7700,13-Apr-23
7300,8200,7700,12-Apr-23
7200,8100,7500,11-Apr-23
7200,8200,7800,10-Apr-23
7100,8100,7600,08-Apr-23
7100,7900,7600,06-Apr-23
7000,7900,7500,05-Apr-23
6900,7800,7300,03-Apr-23
6950,7800,7350,01-Apr-23
6500,7700,7100,31-Mar-23
6800,7800,7300,30-Mar-23
6800,7700,7200,29-Mar-23
6800,7800,7300,28-Mar-23
6900,7800,7300,27-Mar-23
6700,7700,7250,24-Mar-23
6900,7800,7300,23-Mar-23
6500,7600,7100,20-Mar-23
6900,7700,7300,18-Mar-23
6700,7700,7200,17-Mar-23
6700,7750,7400,16-Mar-23
6900,7850,7400,15-Mar-23
7100,8000,7600,14-Mar-23
6700,7700,7200,13-Mar-23
6550,7750,7200,11-Mar-23
6650,7800,7300,10-Mar-23
6800,7800,7400,09-Mar-23
7200,8000,7650,08-Mar-23
7200,8150,7700,06-Mar-23
7100,7950,7500,04-Mar-23
7100,8000,7650,03-Mar-23
7300,8000,7700,02-Mar-23
6900,7900,7600,01-Mar-23
7000,8000,7600,28-Feb-23
7400,8100,7800,27-Feb-23
7200,8000,7700,24-Feb-23
7100,7900,7500,23-Feb-23
7200,8000,7600,22-Feb-23
7400,8100,7800,21-Feb-23
7200,8100,7700,17-Feb-23
7300,8100,7800,15-Feb-23
7600,8250,8000,14-Feb-23
7200,8000,7650,13-Feb-23
7100,8000,7500,11-Feb-23
7300,8000,7700,10-Feb-23
7300,8100,7800,09-Feb-23
7100,7900,7500,08-Feb-23
6700,7800,7200,07-Feb-23
7200,8000,7700,06-Feb-23
7400,8000,7800,04-Feb-23
7000,7900,7500,03-Feb-23
7300,8000,7700,02-Feb-23
7500,8200,7900,01-Feb-23
7200,8100,7800,31-Jan-23
7200,8100,7700,30-Jan-23
7100,8000,7600,27-Jan-23
7200,8000,7700,25-Jan-23
7400,8200,7800,24-Jan-23
7300,8200,7700,23-Jan-23
7500,8500,8000,20-Jan-23
7700,8650,8200,19-Jan-23
7800,8500,8200,18-Jan-23
7700,8400,8100,17-Jan-23
7600,8350,8000,16-Jan-23
7500,8500,8000,14-Jan-23
7400,8300,7900,13-Jan-23
7700,8400,8000,12-Jan-23
7500,8600,8100,11-Jan-23
7800,8700,8200,10-Jan-23
7900,8700,8300,09-Jan-23
7800,8600,8200,07-Jan-23
8000,8900,8400,06-Jan-23
7500,8800,8200,05-Jan-23
7700,8800,8300,04-Jan-23
7400,8200,7800,03-Jan-23
7700,8500,8100,02-Jan-23
7700,8500,8000,31-Dec-22
7500,8200,7900,30-Dec-22
6500,7900,7300,29-Dec-22
6500,7500,7000,28-Dec-22
7250,8200,7800,26-Dec-22
7500,8300,7800,22-Dec-22
7750,8500,8200,21-Dec-22
7500,8400,8000,20-Dec-22
7800,8500,8100,19-Dec-22
7800,8350,8100,17-Dec-22
7800,8700,8100,16-Dec-22
7600,8700,8000,14-Dec-22
7100,8200,7500,13-Dec-22
7500,8600,8000,12-Dec-22
7400,8500,7900,09-Dec-22
7300,8600,7800,08-Dec-22
7200,8600,7900,07-Dec-22
7500,8800,8200,06-Dec-22
7500,8800,8200,05-Dec-22
8000,9000,8650,03-Dec-22
7600,9200,8800,02-Dec-22
7500,9100,8700,01-Dec-22
8000,9000,8600,29-Nov-22
8200,9100,8700,28-Nov-22
8300,9100,8700,25-Nov-22
8500,9400,9000,24-Nov-22
7900,9000,8450,22-Nov-22
7900,9000,8500,21-Nov-22
8000,9250,8600,19-Nov-22
8000,9300,8800,18-Nov-22
8100,9500,9000,17-Nov-22
8000,9500,9000,16-Nov-22
8200,9400,8800,15-Nov-22
8800,9750,9000,14-Nov-22
8500,9550,9000,12-Nov-22
8000,9550,8900,10-Nov-22
8000,9500,8800,08-Nov-22
8300,9550,8900,07-Nov-22
8200,9500,8800,05-Nov-22
8000,9250,8600,04-Nov-22
8000,9100,8500,03-Nov-22
7600,8900,8200,02-Nov-22
7500,8800,8000,31-Oct-22
7500,8600,8000,29-Oct-22
7400,8570,8000,28-Oct-22
7300,8500,7900,27-Oct-22
7800,9200,8500,21-Oct-22
7500,9200,8800,20-Oct-22
8150,9250,8750,19-Oct-22
8000,9300,8800,18-Oct-22
7900,9300,8500,17-Oct-22
7600,9000,8500,15-Oct-22
8350,9600,9000,14-Oct-22
8300,9600,9000,13-Oct-22
8500,9750,9000,12-Oct-22
8600,9850,9000,11-Oct-22
8500,9700,9000,10-Oct-22
8700,9600,9000,08-Oct-22
8000,9500,8500,07-Oct-22
8300,9200,8800,06-Oct-22
8000,9100,8800,03-Oct-22
8300,9450,9000,01-Oct-22
8000,9500,8900,30-Sep-22
8500,9500,9000,29-Sep-22
7900,9700,8800,28-Sep-22
7900,9700,8800,27-Sep-22
7300,9750,8500,26-Sep-22
7065,9600,8000,23-Sep-22
7600,9200,8000,21-Sep-22
7500,9600,8000,20-Sep-22
8000,10000,9300,19-Sep-22
8300,10200,9500,17-Sep-22
8800,10600,9800,16-Sep-22
8900,10660,9500,15-Sep-22
8000,11000,9500,14-Sep-22
7500,10666,9519,13-Sep-22
8800,10200,9600,12-Sep-22
10000,11000,10000,10-Sep-22
8500,10650,9400,08-Sep-22
8000,10600,9900,07-Sep-22
7000,10400,9000,06-Sep-22
8550,10555,9800,05-Sep-22
8000,10400,9350,03-Sep-22
8100,10300,9500,02-Sep-22
8000,11000,9400,01-Sep-22
8000,10200,9000,30-Aug-22
8000,11100,9600,29-Aug-22
9000,10600,9400,26-Aug-22
9500,10800,10000,25-Aug-22
10300,10900,10800,24-Aug-22
10000,11500,11000,23-Aug-22
9500,11800,10000,22-Aug-22
10000,11500,10500,20-Aug-22
9000,11800,10200,19-Aug-22
9000,12200,11000,18-Aug-22
9000,12700,10500,17-Aug-22
9000,12000,10800,16-Aug-22
9400,10500,9400,08-Aug-22
8700,10700,9000,06-Aug-22
9300,10700,9300,03-Aug-22
9000,10800,9500,30-Jul-22
9000,9000,9000,20-Jul-22
8300,9600,8300,19-Jul-22
9100,9600,9100,06-Jul-22
9000,10359,10000,05-Jul-22
9931,11000,10300,04-Jul-22
10800,11000,10800,01-Jul-22
9800,11000,10800,30-Jun-22
11850,13050,12500,22-Jun-22
10500,12390,11826,21-Jun-22
9800,12300,10000,20-Jun-22
10000,12800,11000,13-Jun-22
9500,12500,11000,11-Jun-22
9500,13000,12000,10-Jun-22
9500,13000,12000,09-Jun-22
9500,13000,12200,08-Jun-22
9500,13000,12400,07-Jun-22
10000,12600,12600,06-Jun-22
10500,12500,11500,04-Jun-22
10600,13000,12000,03-Jun-22
10600,13300,12350,02-Jun-22
11400,13989,12950,31-May-22
13000,14200,13699,27-May-22
11300,13850,12650,26-May-22
11270,13699,12500,25-May-22
11550,13600,12800,24-May-22
11950,14090,12400,23-May-22
11089,13800,12500,21-May-22
11500,13800,12500,20-May-22
12300,13850,12300,19-May-22
9800,13800,10200,18-May-22
9800,14000,10500,17-May-22
9800,11000,9900,16-May-22
9800,12000,10200,14-May-22
9800,11800,10200,13-May-22
9900,11500,10000,12-May-22
9800,12000,10200,11-May-22
9900,12000,10500,10-May-22
9800,12000,9900,09-May-22
9900,12000,10200,07-May-22
9800,12500,10200,06-May-22
9800,12000,9900,05-May-22
9800,12000,10200,04-May-22
9800,12400,10500,29-Apr-22
9800,12500,10200,28-Apr-22
9800,12000,10200,27-Apr-22
9800,11000,10000,26-Apr-22
9800,12500,10200,25-Apr-22
2100,7569,7067,27-Nov-23
4370,7510,7131,23-Nov-23
2012,8370,7217,20-Nov-23
4610,7660,7173,16-Nov-23
3670,8369,7114,14-Nov-23
3510,8841,7086,09-Nov-23
3739,9292,7371,06-Nov-23
4389,9029,7370,02-Nov-23
3419,7789,7267,30-Oct-23
3690,7580,7131,26-Oct-23
3590,7359,7020,23-Oct-23
3590,7351,6936,19-Oct-23
3369,7790,6910,16-Oct-23
3820,7670,6856,12-Oct-23
3570,7869,6840,09-Oct-23
1509,7620,6865,05-Oct-23
3061,8072,7055,02-Oct-23
4109,7892,7238,28-Sep-23
3219,8019,7360,25-Sep-23
2209,8170,7415,21-Sep-23
1020,8810,7454,18-Sep-23
2689,8510,7616,14-Sep-23
2670,9092,7551,11-Sep-23
3291,9210,7526,28-Aug-23
2912,9343,7475,17-Aug-23
3129,9289,7156,10-Aug-23
3392,8929,6688,03-Aug-23
2686,8980,7650,31-Jul-23
3270,8842,7052,27-Jul-23
3099,8719,7675,24-Jul-23
1670,8559,6958,20-Jul-23
1509,8459,6680,17-Jul-23
3070,8399,6597,13-Jul-23
4270,8409,6697,10-Jul-23
2529,8359,6773,06-Jul-23
3409,8040,6760,03-Jul-23
3229,7869,6712,26-Jun-23
3809,7511,6738,19-Jun-23
3809,7690,7001,15-Jun-23
2689,7710,6782,12-Jun-23
4096,7811,6642,08-Jun-23
1009,7600,6618,05-Jun-23
2019,7529,6458,01-Jun-23
2270,7859,6665,29-May-23
3012,7876,6979,25-May-23
3070,8030,7063,22-May-23
1609,8210,7242,18-May-23
2568,8290,7271,15-May-23
2800,8232,6736,11-May-23
2519,8322,7347,08-May-23
3189,8290,7013,04-May-23
5200,8269,7142,02-May-23
2889,8449,7229,27-Apr-23
1116,8470,7651,24-Apr-23
1070,8470,7259,20-Apr-23
4812,8570,7363,17-Apr-23
4512,8470,7234,13-Apr-23
1509,9489,7298,10-Apr-23
4612,8340,6923,06-Apr-23
3292,8570,6923,03-Apr-23
5170,9420,6843,30-Mar-23
2090,8169,6911,27-Mar-23
1070,7991,6325,23-Mar-23
2069,8439,6897,20-Mar-23
2001,8969,6813,16-Mar-23
2186,8270,7095,13-Mar-23
3420,8340,7450,09-Mar-23
5230,8397,7445,06-Mar-23
2670,8340,7339,02-Mar-23
2289,8509,7624,27-Feb-23
1270,8483,7588,23-Feb-23
2896,8423,7599,20-Feb-23
4029,8469,7919,16-Feb-23
4239,8350,7736,13-Feb-23
3709,8521,7570,07-Feb-23
5009,8469,7692,06-Feb-23
3020,8570,7863,02-Feb-23
1669,8709,7905,30-Jan-23
3909,8770,8188,23-Jan-23
5130,8880,8218,19-Jan-23
2802,8920,8142,16-Jan-23
3020,8970,8343,12-Jan-23
3749,9010,8367,09-Jan-23
3016,8819,8006,05-Jan-23
2170,8646,7804,02-Jan-23
3690,8270,7496,29-Dec-22
1610,8860,8033,22-Dec-22
1610,9889,8205,19-Dec-22
1009,9219,8342,15-Dec-22
4300,9096,8051,12-Dec-22
3110,9170,8399,08-Dec-22
2989,9559,8827,05-Dec-22
1519,9700,8746,01-Dec-22
1189,9570,8735,28-Nov-22
1070,9386,8613,24-Nov-22
2370,9920,8742,21-Nov-22
3519,10189,9029,14-Nov-22
4319,9699,8776,10-Nov-22
4110,9289,8445,08-Nov-22
3019,9909,9553,07-Nov-22
1400,9331,7646,03-Nov-22
2451,9230,7500,31-Oct-22
3109,9006,7191,27-Oct-22
2520,9612,7963,26-Oct-22
3810,9400,7512,24-Oct-22
2812,9520,7669,20-Oct-22
2463,9690,8257,17-Oct-22
2620,9861,8234,13-Oct-22
5011,7011,6678,12-Oct-22
2656,9489,8590,10-Oct-22
2656,9489,8590,09-Oct-22
1509,9279,8070,06-Oct-22
1512,9397,7905,03-Oct-22
2189,9400,8107,29-Sep-22
7436,9356,8693,20-Sep-22
1989,10350,7977,19-Sep-22
3269,10417,8143,15-Sep-22
9625,9625,9625,13-Sep-22
2260,10717,7791,12-Sep-22
9480,9480,9480,09-Sep-22
3319,10416,7890,08-Sep-22
4519,10522,8076,05-Sep-22
2069,10866,8250,01-Sep-22
2820,11111,8509,29-Aug-22
2370,11419,9140,25-Aug-22
2070,12250,9390,22-Aug-22
8497,12050,11021,19-Aug-22
1389,12121,9316,18-Aug-22
11150,11150,11150,17-Aug-22
2629,11769,10770,11-Aug-22
2000,11201,9595,08-Aug-22
2509,10992,9452,04-Aug-22
2169,10596,9049,01-Aug-22
1460,9800,8056,28-Jul-22
4189,9207,6676,25-Jul-22
3599,8692,5760,21-Jul-22
5592,8889,6099,18-Jul-22
2070,9219,7685,14-Jul-22
2670,9389,8427,11-Jul-22
6320,9409,8840,07-Jul-22
2070,9507,9029,04-Jul-22
3270,9689,9203,30-Jun-22
2070,10410,9497,27-Jun-22
3370,11009,9677,23-Jun-22
2319,11901,10313,20-Jun-22
1489,11812,9930,16-Jun-22
3629,12010,9845,13-Jun-22
3819,11570,9291,09-Jun-22
4489,11830,10163,06-Jun-22
1989,13370,11630,02-Jun-22
1809,13616,11235,30-May-22
1389,14999,11133,26-May-22
4899,14211,12276,23-May-22
3069,13922,13010,19-May-22
2009,13710,12125,16-May-22
2689,13352,11791,12-May-22
10800,10800,10800,11-May-22
13331,13331,13331,10-May-22
1516,13110,11252,09-May-22
1559,12689,10613,06-May-22
1809,12829,11149,05-May-22
3869,12522,10691,28-Apr-22
10251,10800,10500,27-Apr-22
10919,11669,11416,26-Apr-22
2009,12501,10678,25-Apr-22
7259,7259,7259,18-Mar-24
7000,7000,7000,26-Dec-23
7000,7000,7000,07-Nov-23
420,420,420,12-Oct-23
420,420,420,06-Oct-23
420,420,420,19-Sep-23
420,420,420,11-Sep-23
6382,7589,7417,18-Apr-24
7369,7369,7369,16-Apr-24
6839,7619,7243,15-Apr-24
7061,7459,7264,09-Apr-24
6069,8193,7459,28-Mar-24
7309,7349,7331,27-Mar-24
7083,8267,7905,25-Mar-24
7429,7429,7429,23-Mar-24
6781,8213,7849,21-Mar-24
7211,8139,7940,18-Mar-24
7189,7239,7214,16-Mar-24
5031,8139,7641,14-Mar-24
4747,8019,7723,11-Mar-24
2209,7859,7274,07-Mar-24
6889,7889,7722,04-Mar-24
6711,7569,7445,29-Feb-24
6584,7609,7089,26-Feb-24
1711,7541,7324,22-Feb-24
6211,7459,7244,19-Feb-24
6290,7411,6676,15-Feb-24
5613,7353,6951,12-Feb-24
3889,7353,6996,08-Feb-24
2828,7321,6615,05-Feb-24
4848,7329,6782,01-Feb-24
2913,7323,6777,29-Jan-24
1351,7323,6731,25-Jan-24
4993,6891,6626,22-Jan-24
2286,7335,6962,18-Jan-24
4921,7229,6530,13-Jan-24
4949,7319,6818,08-Jan-24
4586,7229,6811,04-Jan-24
4381,7233,6819,01-Jan-24
4041,7229,6746,28-Dec-23
7171,7171,7171,27-Dec-23
4881,7153,6770,26-Dec-23
4429,7121,6629,21-Dec-23
6311,7032,6963,19-Dec-23
1611,7213,6804,18-Dec-23
6833,6833,6833,16-Dec-23
1876,7261,6815,14-Dec-23
4421,7243,6833,11-Dec-23
6561,7181,7024,09-Dec-23
4380,7121,6805,07-Dec-23
6501,7019,6752,05-Dec-23
5031,7279,6924,04-Dec-23
6289,7323,7167,02-Dec-23
6711,7305,7263,29-Nov-23
4646,7369,7186,27-Nov-23
5233,7329,6890,25-Nov-23
5981,7489,7325,23-Nov-23
6069,7401,7380,20-Nov-23
6907,6907,6907,18-Nov-23
6031,7529,7394,16-Nov-23
6511,7573,7364,14-Nov-23
6161,7413,7025,11-Nov-23
7171,7541,7455,09-Nov-23
7251,7509,7442,07-Nov-23
5981,7679,7504,06-Nov-23
3686,7631,7483,02-Nov-23
6363,7701,7639,30-Oct-23
6283,7429,7281,26-Oct-23
6939,7509,7422,24-Oct-23
7013,7309,7261,19-Oct-23
6811,7241,7063,17-Oct-23
7141,7439,7379,16-Oct-23
6666,7469,7236,12-Oct-23
3636,7313,6961,09-Oct-23
7341,7461,7385,05-Oct-23
6733,7415,7339,03-Oct-23
6769,7269,7218,03-Jul-23
7473,7515,7511,26-Jun-23
6783,7533,7358,15-Jun-23
6689,7569,7477,05-Jun-23
5169,7439,7263,01-Jun-23
4521,7979,7178,29-May-23
6343,7637,7360,25-May-23
5583,7813,7541,22-May-23
7231,8222,7967,18-May-23
7213,8181,8063,15-May-23
7311,8128,7556,11-May-23
5749,8203,7956,08-May-23
7393,8233,8036,04-May-23
7469,8282,8076,02-May-23
6689,8309,8042,27-Apr-23
6629,8375,8011,24-Apr-23
6223,8315,7733,17-Apr-23
1818,8259,8040,13-Apr-23
6393,8155,7966,10-Apr-23
6443,8033,7478,06-Apr-23
5833,8023,7723,03-Apr-23
5521,7952,7613,30-Mar-23
1009,8089,7505,27-Mar-23
5631,8089,7539,16-Mar-23
4831,8263,7672,13-Mar-23
5021,8258,7880,09-Mar-23
4009,8133,7606,06-Mar-23
6529,8252,7597,02-Mar-23
6489,8393,7730,27-Feb-23
1836,8271,7711,23-Feb-23
3271,8171,7669,21-Feb-23
5189,8243,7914,16-Feb-23
5313,8269,7932,13-Feb-23
3111,8231,7686,09-Feb-23
6339,8033,7774,06-Feb-23
1731,8239,7736,02-Feb-23
2863,8533,7836,30-Jan-23
6531,8633,8296,23-Jan-23
6161,8585,8240,19-Jan-23
4343,8713,8077,16-Jan-23
4646,9051,8274,12-Jan-23
7281,9043,8729,09-Jan-23
5369,8851,8272,05-Jan-23
2671,8583,7850,02-Jan-23
2841,8109,7691,29-Dec-22
6383,8500,7982,26-Dec-22
4863,8969,8213,22-Dec-22
6731,8911,8466,19-Dec-22
3171,8959,8568,15-Dec-22
4545,9119,8538,12-Dec-22
6563,9239,8855,08-Dec-22
2683,9439,9181,05-Dec-22
9169,9269,9225,03-Dec-22
2511,9431,8960,01-Dec-22
2171,9319,8988,28-Nov-22
9053,9921,9343,26-Nov-22
3351,9539,9018,24-Nov-22
3221,9801,9568,21-Nov-22
10112,10112,10112,19-Nov-22
4811,10063,9744,17-Nov-22
9201,9883,9661,14-Nov-22
8993,9063,9045,12-Nov-22
2081,9639,9271,10-Nov-22
7213,9289,8926,07-Nov-22
8531,8783,8759,05-Nov-22
2383,8711,8149,03-Nov-22
6231,8331,7917,31-Oct-22
8211,8831,8571,27-Oct-22
7683,8393,8011,13-Oct-22
411,9898,6502,09-Jun-22
6521,10321,9374,06-Jun-22
2022,9511,5653,02-Jun-22
2121,12601,10235,26-May-22
12363,12821,12604,23-May-22
12283,12283,12283,21-May-22
9831,12000,11458,16-May-22
5411,11263,9956,12-May-22
2323,12189,10864,09-May-22
11109,12443,11971,07-May-22
1121,11893,10332,05-May-22
9289,10811,10530,02-May-22
9693,12219,11477,28-Apr-22
7709,11869,11023,25-Apr-22
6450,6600,6500,22-Apr-24
2009,10751,7751,04-Jan-24
4549,10271,7529,30-Dec-23
7381,7871,7741,28-Apr-23
5351,7841,7741,12-Apr-23
7671,8581,8221,02-Mar-23
7671,8581,8221,27-Feb-23
8202,8621,8409,20-Feb-23
5241,8659,8301,17-Feb-23
4069,8349,8269,13-Feb-23
4069,8349,8269,09-Feb-23
4041,8329,7871,03-Feb-23
4009,8329,8169,30-Jan-23
5469,8569,8260,23-Jan-23
2869,8689,8309,17-Jan-23
4669,8759,8549,10-Jan-23
7000,8339,8289,03-Jan-23
3309,8009,7841,31-Dec-22
3309,8009,7841,30-Dec-22
4071,8239,8139,26-Dec-22
8211,8631,8451,17-Dec-22
5171,8671,8519,07-Dec-22
7869,9109,8909,28-Nov-22
8239,9509,8969,14-Nov-22
7400,7500,7450,18-Apr-24
7100,7550,7400,17-Apr-24
7000,7200,7200,16-Apr-24
7100,7500,7200,04-Apr-24
7200,7200,7200,25-Mar-24
6300,6300,6300,14-Feb-24
6270,6320,6320,21-Dec-23
7030,7050,7050,19-Dec-23
7200,7200,7200,12-Jan-23
8800,8800,8800,28-Nov-22
8000,8000,8000,15-Nov-22
6000,7080,6864,22-Apr-24
6500,7700,7240,19-Apr-24
6550,8000,7172,18-Apr-24
6000,8000,7190,16-Apr-24
6150,7900,7207,15-Apr-24
7200,7200,7200,13-Apr-24
7100,7200,7138,07-Apr-24
6967,7350,7095,05-Apr-24
6794,7501,7212,04-Apr-24
7100,7351,7160,02-Apr-24
6500,7500,7250,01-Apr-24
7050,8200,7450,31-Mar-24
7521,7521,7521,30-Mar-24
7150,7200,7180,29-Mar-24
7150,7500,7360,27-Mar-24
7450,7500,7480,19-Mar-24
5800,7500,6990,14-Mar-24
7450,7450,7450,06-Mar-24
7250,7250,7250,04-Mar-24
7010,7010,7010,20-Feb-24
6501,6701,6551,19-Feb-24
6200,7000,6624,15-Feb-24
6136,7001,6540,05-Feb-24
5700,6519,6219,16-Jan-24
6129,7009,6437,11-Jan-24
6419,6515,6475,10-Jan-24
6150,6310,6243,09-Jan-24
5451,5451,5451,27-Dec-23
5500,6900,6147,18-Dec-23
5000,7201,6540,11-Dec-23
5000,7029,6279,07-Dec-23
5080,7129,6608,04-Dec-23
6739,7039,6994,01-Dec-23
6179,7139,6816,30-Nov-23
6409,7300,7002,27-Nov-23
6540,7439,7289,20-Nov-23
6530,7469,7294,16-Nov-23
6819,7519,7313,14-Nov-23
7100,7551,7487,06-Nov-23
4919,7630,7469,02-Nov-23
7109,7369,7323,26-Oct-23
6786,7329,7232,24-Oct-23
7636,7636,7636,10-Oct-23
6600,6600,6600,03-Aug-23
6639,6639,6639,24-Jul-23
6786,7000,6813,06-Jul-23
6701,6701,6701,01-Jul-23
6410,7050,6449,28-Jun-23
6711,6711,6711,17-Jun-23
7600,7600,7600,14-Jun-23
6711,6711,6711,05-Jun-23
6950,6950,6950,03-Jun-23
6589,6589,6589,29-May-23
7129,7129,7129,11-May-23
6819,8000,7172,24-Apr-23
6869,7900,6990,20-Apr-23
6789,6911,6870,10-Apr-23
6850,6850,6850,09-Apr-23
6729,6769,6733,06-Apr-23
6619,7450,6683,03-Apr-23
6700,6700,6700,29-Mar-23
6429,6690,6549,27-Mar-23
6690,6690,6690,26-Mar-23
6650,6650,6650,25-Mar-23
6501,6519,6514,23-Mar-23
6575,6575,6575,21-Mar-23
6500,6500,6500,19-Mar-23
6500,6500,6500,18-Mar-23
6500,6500,6500,17-Mar-23
6309,7309,6583,16-Mar-23
5900,7731,6732,13-Mar-23
6750,6750,6750,12-Mar-23
6329,7950,6749,09-Mar-23
6236,7659,6653,06-Mar-23
5309,8109,6767,02-Mar-23
6500,7351,6850,28-Feb-23
6189,7979,7146,27-Feb-23
5059,8113,7536,23-Feb-23
6979,8011,7399,20-Feb-23
6779,8109,7591,16-Feb-23
6479,7949,7604,13-Feb-23
6639,7909,7429,09-Feb-23
7249,8169,7703,06-Feb-23
6879,8209,7837,02-Feb-23
8019,8019,8019,31-Jan-23
7200,8219,7872,30-Jan-23
7029,8210,7929,26-Jan-23
7879,8479,8316,23-Jan-23
6789,8609,8251,19-Jan-23
7920,8500,8453,18-Jan-23
6500,8190,7793,16-Jan-23
6000,8511,8082,12-Jan-23
7879,8880,8533,09-Jan-23
7509,8619,8272,05-Jan-23
6809,8389,8081,02-Jan-23
7109,7689,7420,29-Dec-22
7659,8749,8487,19-Dec-22
8159,8771,8595,15-Dec-22
7959,8699,8534,12-Dec-22
8900,9400,9200,10-Dec-22
8329,9200,8700,08-Dec-22
9200,9400,9300,07-Dec-22
8309,9400,9000,06-Dec-22
8289,9059,8830,05-Dec-22
9400,9400,9400,02-Dec-22
8679,9400,9157,01-Dec-22
8509,9489,9281,28-Nov-22
8719,9400,9153,24-Nov-22
8269,9309,9130,21-Nov-22
9600,9600,9600,18-Nov-22
9109,9789,9553,17-Nov-22
9400,9400,9400,16-Nov-22
8890,9700,9499,14-Nov-22
8601,9609,9366,10-Nov-22
8619,9689,9485,07-Nov-22
8700,8700,8700,04-Nov-22
8279,9009,8761,03-Nov-22
8200,8600,8417,02-Nov-22
7649,8529,8297,31-Oct-22
7539,8469,8116,26-Oct-22
8119,8759,8401,20-Oct-22
8119,8909,8491,17-Oct-22
8809,9289,9141,13-Oct-22
9269,9329,9299,10-Oct-22
8139,9109,8859,05-Oct-22
11400,11909,11782,01-Jun-22
10879,10920,10898,18-May-22
10800,10800,10800,07-May-22
11000,11000,11000,06-May-22
10411,10859,10682,04-May-22
10850,10850,10850,26-Apr-22
10711,10711,10711,25-Apr-22
7200,7250,7225,20-Mar-24
6509,6509,6509,21-Jun-23
7894,7894,7894,15-Oct-22
8273,8273,8273,22-Sep-22
10000,10000,10000,23-Aug-22
8740,8740,8740,13-Jul-22
8469,10569,9892,02-Jan-24
7009,10251,9754,27-Dec-23
9009,10241,9960,19-Dec-23
9460,9969,9829,12-Dec-23
9369,9869,9751,05-Dec-23
5009,7751,6828,27-Jan-23
6669,8669,8253,10-Jan-23
6003,8312,8007,03-Jan-23
6009,8459,7898,28-Dec-22
7397,8879,8363,21-Dec-22
7199,9199,8701,13-Dec-22
8369,9249,8953,06-Dec-22
8469,9210,9011,29-Nov-22
